heroId,chain,transcendedOwner,transcendedBlock,transcendedTimestamp,transcendedDate,name,firstNameId,lastNameId,mainClass,mainClassId,subClass,subClassId,rarity,rarityId,generation,shiny,shinyStyle,level,xp,sp,status,statusId,element,elementId,profession,professionId,statGeneMainClass,statGeneMainClassRaw,statGeneSubClass,statGeneSubClassRaw,statGeneProfession,statGeneProfessionRaw,statGeneElement,statGeneElementRaw,statBoost1,statBoost1Id,statBoost2,statBoost2Id,active1,active1Id,active2,active2Id,passive1,passive1Id,passive2,passive2Id,crafting1,crafting1Raw,crafting2,crafting2Raw,gender,background,hairStyle,hairColor,eyeColor,skinColor,headAppendage,backAppendage,appendageColor,backAppendageColor,visualUnknown1,visualUnknown2,summonedTime,nextSummonTime,summonerId,assistantId,summons,maxSummons,summonsRemaining,strength,intelligence,wisdom,luck,agility,vitality,endurance,dexterity,hp,mp,stamina,mining,gardening,foraging,fishing,craft1,craft2,miningSkill,gardeningSkill,foragingSkill,fishingSkill,craft1Skill,craft2Skill,primaryStrengthGrowth,primaryStrengthGrowthPct,primaryIntelligenceGrowth,primaryIntelligenceGrowthPct,primaryWisdomGrowth,primaryWisdomGrowthPct,primaryLuckGrowth,primaryLuckGrowthPct,primaryAgilityGrowth,primaryAgilityGrowthPct,primaryVitalityGrowth,primaryVitalityGrowthPct,primaryEnduranceGrowth,primaryEnduranceGrowthPct,primaryDexterityGrowth,primaryDexterityGrowthPct,primaryHpSmGrowth,primaryHpSmGrowthPct,primaryHpRgGrowth,primaryHpRgGrowthPct,primaryHpLgGrowth,primaryHpLgGrowthPct,primaryMpSmGrowth,primaryMpSmGrowthPct,primaryMpRgGrowth,primaryMpRgGrowthPct,primaryMpLgGrowth,primaryMpLgGrowthPct,secondaryStrengthGrowth,secondaryStrengthGrowthPct,secondaryIntelligenceGrowth,secondaryIntelligenceGrowthPct,secondaryWisdomGrowth,secondaryWisdomGrowthPct,secondaryLuckGrowth,secondaryLuckGrowthPct,secondaryAgilityGrowth,secondaryAgilityGrowthPct,secondaryVitalityGrowth,secondaryVitalityGrowthPct,secondaryEnduranceGrowth,secondaryEnduranceGrowthPct,secondaryDexterityGrowth,secondaryDexterityGrowthPct,secondaryHpSmGrowth,secondaryHpSmGrowthPct,secondaryHpRgGrowth,secondaryHpRgGrowthPct,secondaryHpLgGrowth,secondaryHpLgGrowthPct,secondaryMpSmGrowth,secondaryMpSmGrowthPct,secondaryMpRgGrowth,secondaryMpRgGrowthPct,secondaryMpLgGrowth,secondaryMpLgGrowthPct,statGeneRecessive1MainClass,statGeneRecessive1MainClassRaw,statGeneRecessive2MainClass,statGeneRecessive2MainClassRaw,statGeneRecessive3MainClass,statGeneRecessive3MainClassRaw,statGeneRecessive1SubClass,statGeneRecessive1SubClassRaw,statGeneRecessive2SubClass,statGeneRecessive2SubClassRaw,statGeneRecessive3SubClass,statGeneRecessive3SubClassRaw,statGeneRecessive1Profession,statGeneRecessive1ProfessionRaw,statGeneRecessive2Profession,statGeneRecessive2ProfessionRaw,statGeneRecessive3Profession,statGeneRecessive3ProfessionRaw,statGenePassive1,statGenePassive1Raw,statGeneRecessive1Passive1,statGeneRecessive1Passive1Raw,statGeneRecessive2Passive1,statGeneRecessive2Passive1Raw,statGeneRecessive3Passive1,statGeneRecessive3Passive1Raw,statGenePassive2,statGenePassive2Raw,statGeneRecessive1Passive2,statGeneRecessive1Passive2Raw,statGeneRecessive2Passive2,statGeneRecessive2Passive2Raw,statGeneRecessive3Passive2,statGeneRecessive3Passive2Raw,statGeneActive1,statGeneActive1Raw,statGeneRecessive1Active1,statGeneRecessive1Active1Raw,statGeneRecessive2Active1,statGeneRecessive2Active1Raw,statGeneRecessive3Active1,statGeneRecessive3Active1Raw,statGeneActive2,statGeneActive2Raw,statGeneRecessive1Active2,statGeneRecessive1Active2Raw,statGeneRecessive2Active2,statGeneRecessive2Active2Raw,statGeneRecessive3Active2,statGeneRecessive3Active2Raw,statGeneStatBoost1,statGeneStatBoost1Raw,statGeneRecessive1StatBoost1,statGeneRecessive1StatBoost1Raw,statGeneRecessive2StatBoost1,statGeneRecessive2StatBoost1Raw,statGeneRecessive3StatBoost1,statGeneRecessive3StatBoost1Raw,statGeneStatBoost2,statGeneStatBoost2Raw,statGeneRecessive1StatBoost2,statGeneRecessive1StatBoost2Raw,statGeneRecessive2StatBoost2,statGeneRecessive2StatBoost2Raw,statGeneRecessive3StatBoost2,statGeneRecessive3StatBoost2Raw,statGeneCrafting1,statGeneCrafting1Raw,statGeneRecessive1Crafting1,statGeneRecessive1Crafting1Raw,statGeneRecessive2Crafting1,statGeneRecessive2Crafting1Raw,statGeneRecessive3Crafting1,statGeneRecessive3Crafting1Raw,statGeneRecessive1Element,statGeneRecessive1ElementRaw,statGeneRecessive2Element,statGeneRecessive2ElementRaw,statGeneRecessive3Element,statGeneRecessive3ElementRaw,statGeneCrafting2,statGeneCrafting2Raw,statGeneRecessive1Crafting2,statGeneRecessive1Crafting2Raw,statGeneRecessive2Crafting2,statGeneRecessive2Crafting2Raw,statGeneRecessive3Crafting2,statGeneRecessive3Crafting2Raw,visualGeneGender,visualGeneGenderRaw,visualGeneRecessive1Gender,visualGeneRecessive1GenderRaw,visualGeneRecessive2Gender,visualGeneRecessive2GenderRaw,visualGeneRecessive3Gender,visualGeneRecessive3GenderRaw,visualGeneHeadAppendage,visualGeneHeadAppendageRaw,visualGeneRecessive1HeadAppendage,visualGeneRecessive1HeadAppendageRaw,visualGeneRecessive2HeadAppendage,visualGeneRecessive2HeadAppendageRaw,visualGeneRecessive3HeadAppendage,visualGeneRecessive3HeadAppendageRaw,visualGeneBackAppendage,visualGeneBackAppendageRaw,visualGeneRecessive1BackAppendage,visualGeneRecessive1BackAppendageRaw,visualGeneRecessive2BackAppendage,visualGeneRecessive2BackAppendageRaw,visualGeneRecessive3BackAppendage,visualGeneRecessive3BackAppendageRaw,visualGeneBackground,visualGeneBackgroundRaw,visualGeneRecessive1Background,visualGeneRecessive1BackgroundRaw,visualGeneRecessive2Background,visualGeneRecessive2BackgroundRaw,visualGeneRecessive3Background,visualGeneRecessive3BackgroundRaw,visualGeneHairStyle,visualGeneHairStyleRaw,visualGeneRecessive1HairStyle,visualGeneRecessive1HairStyleRaw,visualGeneRecessive2HairStyle,visualGeneRecessive2HairStyleRaw,visualGeneRecessive3HairStyle,visualGeneRecessive3HairStyleRaw,visualGeneHairColor,visualGeneHairColorRaw,visualGeneRecessive1HairColor,visualGeneRecessive1HairColorRaw,visualGeneRecessive2HairColor,visualGeneRecessive2HairColorRaw,visualGeneRecessive3HairColor,visualGeneRecessive3HairColorRaw,visualGeneVisualUnknown1,visualGeneVisualUnknown1Raw,visualGeneRecessive1VisualUnknown1,visualGeneRecessive1VisualUnknown1Raw,visualGeneRecessive2VisualUnknown1,visualGeneRecessive2VisualUnknown1Raw,visualGeneRecessive3VisualUnknown1,visualGeneRecessive3VisualUnknown1Raw,visualGeneEyeColor,visualGeneEyeColorRaw,visualGeneRecessive1EyeColor,visualGeneRecessive1EyeColorRaw,visualGeneRecessive2EyeColor,visualGeneRecessive2EyeColorRaw,visualGeneRecessive3EyeColor,visualGeneRecessive3EyeColorRaw,visualGeneSkinColor,visualGeneSkinColorRaw,visualGeneRecessive1SkinColor,visualGeneRecessive1SkinColorRaw,visualGeneRecessive2SkinColor,visualGeneRecessive2SkinColorRaw,visualGeneRecessive3SkinColor,visualGeneRecessive3SkinColorRaw,visualGeneAppendageColor,visualGeneAppendageColorRaw,visualGeneRecessive1AppendageColor,visualGeneRecessive1AppendageColorRaw,visualGeneRecessive2AppendageColor,visualGeneRecessive2AppendageColorRaw,visualGeneRecessive3AppendageColor,visualGeneRecessive3AppendageColorRaw,visualGeneBackAppendageColor,visualGeneBackAppendageColorRaw,visualGeneRecessive1BackAppendageColor,visualGeneRecessive1BackAppendageColorRaw,visualGeneRecessive2BackAppendageColor,visualGeneRecessive2BackAppendageColorRaw,visualGeneRecessive3BackAppendageColor,visualGeneRecessive3BackAppendageColorRaw,visualGeneVisualUnknown2,visualGeneVisualUnknown2Raw,visualGeneRecessive1VisualUnknown2,visualGeneRecessive1VisualUnknown2Raw,visualGeneRecessive2VisualUnknown2,visualGeneRecessive2VisualUnknown2Raw,visualGeneRecessive3VisualUnknown2,visualGeneRecessive3VisualUnknown2Raw,statGenes,visualGenes
1000000722356,dfkchain,0x971bdacd04ef40141ddb6ba175d4f76665103c81,48131474,1748558382,2025-05-29T22:39:42.000Z,Afib Skywoods,885,721,Legionnaire,10,Wizard,5,Common,0,11,false,11,1,0,1,0,0,wind,6,foraging,6,Legionnaire,10,Wizard,5,foraging,6,wind,6,VIT,10,STR,0,Iron Skin (Basic5),4,Poisoned Blade (Basic1),0,Leadership (Advanced1),16,Headstrong (Basic4),3,Woodworking,6,Armorsmithing,4,male,desert,9,3,2,0,0,6,9,9,3,16,1744638333,1745041533,2000000891472,1000000722353,0,0,0,10,5,5,6,9,12,11,8,150,25,25,0,0,0,0,0,0,0,0,0,0,0,0,7700,77,2000,20,2500,25,2500,25,3800,38,7500,75,8000,80,6500,65,1500,15,3500,35,5000,50,5000,50,3500,35,1500,15,1150,11.5,2000,20,2000,20,1000,10,1500,15,1250,12.5,1250,12.5,750,7.5,875,8.75,1000,10,625,6.25,375,3.75,875,8.75,1250,12.5,Knight,1,Seer,9,Warrior,0,Thief,2,Archer,3,Warrior,0,fishing,4,foraging,6,fishing,4,Leadership (Advanced1),16,Headstrong (Basic4),3,Clutch (Basic2),1,Chatterbox (Basic7),6,Headstrong (Basic4),3,Clutch (Basic2),1,Stalwart (Basic8),7,Duelist (Basic1),0,Iron Skin (Basic5),4,Iron Skin (Basic5),4,Daze (Advanced2),17,Iron Skin (Basic5),4,Poisoned Blade (Basic1),0,Cleanse (Basic4),3,Critical Aim (Basic6),5,Poisoned Blade (Basic1),0,VIT,10,LCK,8,VIT,10,END,12,STR,0,WIS,6,STR,0,AGI,2,Woodworking,6,Alchemy,14,Leatherworking,8,Leatherworking,8,ice,10,lightning,8,dark,14,Armorsmithing,4,Armorsmithing,4,Woodworking,6,Enchanting,12,male,1,female,3,female,3,male,1,0,0,5,5,9,9,2,2,6,6,6,6,5,5,3,3,desert,0,mountains,10,forest,2,mountains,10,9,9,6,6,1,1,9,9,3,3,11,11,11,11,0,0,3,3,4,4,3,3,6,6,2,2,14,14,8,8,0,0,0,0,10,10,8,8,10,10,9,9,8,8,2,2,9,9,9,9,17,17,3,3,2,2,16,16,7,7,4,4,5,5,15599704187882924520218776728801519764600622789381966461550659878918276,60553845590188606158590514261175693796336298372234106295470935382331632
2000001028293,dfkchain,0xab8790921032d08705dc210968290f23afbb2523,48134293,1748564212,2025-05-30T00:16:52.000Z,Gilrie Fallspark,1738,1214,Warrior,0,Pirate,7,Rare,2,3,false,13,1,0,1,0,0,earth,4,fishing,4,Warrior,0,Pirate,7,fishing,4,earth,4,VIT,10,WIS,6,Iron Skin (Basic5),4,Heal (Basic3),2,Fearless (Basic6),5,Clutch (Basic2),1,Alchemy,14,Goldsmithing,2,female,city,7,11,14,10,8,8,4,5,4,0,1741988904,1748598322,2000000230341,2000000285782,6,6,0,11,5,5,7,8,13,9,8,150,25,25,0,0,0,0,0,0,0,0,0,0,0,0,7500,75,2000,20,2200,22,3500,35,5000,50,6500,65,6500,65,7000,70,1500,15,4000,40,4500,45,5000,50,3500,35,1500,15,1750,17.5,500,5,900,9,1375,13.75,1250,12.5,1500,15,1375,13.75,1750,17.5,375,3.75,1125,11.25,1000,10,1125,11.25,1000,10,375,3.75,Scholar,11,Scholar,11,Seer,9,Knight,1,Scholar,11,Pirate,7,mining,0,gardening,2,fishing,4,Fearless (Basic6),5,Headstrong (Basic4),3,Clear Vision (Basic5),4,Duelist (Basic1),0,Clutch (Basic2),1,Stalwart (Basic8),7,Clear Vision (Basic5),4,Clear Vision (Basic5),4,Iron Skin (Basic5),4,Blinding Winds (Basic2),1,Deathmark (Basic8),7,Speed (Basic7),6,Heal (Basic3),2,Iron Skin (Basic5),4,Blinding Winds (Basic2),1,Heal (Basic3),2,VIT,10,AGI,2,LCK,8,AGI,2,WIS,6,STR,0,LCK,8,INT,4,Alchemy,14,Leatherworking,8,Leatherworking,8,Enchanting,12,dark,14,ice,10,dark,14,Goldsmithing,2,Enchanting,12,Armorsmithing,4,Alchemy,14,female,3,female,3,female,3,female,3,8,8,10,10,4,4,10,10,8,8,5,5,1,1,0,0,city,12,arctic,14,island,6,swamp,8,7,7,5,5,6,6,4,4,11,11,9,9,7,7,7,7,4,4,3,3,2,2,4,4,14,14,8,8,6,6,0,0,10,10,4,4,0,0,6,6,4,4,9,9,6,6,8,8,5,5,5,5,9,9,5,5,0,0,2,2,2,2,6,6,516499045005717523338267543871844982403415458937003731173496943062487426,170985570423623526037906723988180358516852827914283969720625527050668096
2000000796636,dfkchain,0xab8790921032d08705dc210968290f23afbb2523,48134293,1748564212,2025-05-30T00:16:52.000Z,Pyrhousa Fallsleep,698,1142,Ninja,19,Priest,4,Common,0,6,false,7,2,0,2,0,0,lightning,8,fishing,4,Ninja,19,Priest,4,fishing,4,lightning,8,END,12,VIT,10,Blinding Winds (Basic2),1,Deathmark (Basic8),7,Clutch (Basic2),1,Clutch (Basic2),1,Armorsmithing,4,Woodworking,6,female,arctic,5,6,2,2,10,3,3,0,7,4,1727974992,1729090649,2000000737747,2000000780037,2,2,0,8,14,6,11,13,7,8,11,167,66,26,0,0,0,0,0,0,0,0,0,0,0,0,5000,50,5300,53,4000,40,6000,60,8500,85,5200,52,4000,40,7500,75,2500,25,5000,50,2500,25,2500,25,5000,50,2500,25,750,7.5,2250,22.5,2000,20,1000,10,1000,10,1650,16.5,1500,15,750,7.5,875,8.75,1000,10,625,6.25,375,3.75,875,8.75,1250,12.5,Summoner,18,Archer,3,Warrior,0,Warrior,0,Archer,3,Pirate,7,foraging,6,gardening,2,foraging,6,Clutch (Basic2),1,Fearless (Basic6),5,Clutch (Basic2),1,Clutch (Basic2),1,Clutch (Basic2),1,Chatterbox (Basic7),6,Chatterbox (Basic7),6,Fearless (Basic6),5,Blinding Winds (Basic2),1,Deathmark (Basic8),7,Speed (Basic7),6,Critical Aim (Basic6),5,Deathmark (Basic8),7,Critical Aim (Basic6),5,Critical Aim (Basic6),5,Iron Skin (Basic5),4,END,12,LCK,8,VIT,10,LCK,8,VIT,10,WIS,6,WIS,6,STR,0,Armorsmithing,4,Enchanting,12,Enchanting,12,Woodworking,6,lightning,8,earth,4,wind,6,Woodworking,6,Goldsmithing,2,Blacksmithing,0,Tailoring,10,female,3,female,3,female,3,female,3,10,10,2,2,2,2,11,11,3,3,2,2,9,9,5,5,arctic,14,swamp,8,city,12,forest,2,5,5,6,6,0,0,7,7,6,6,5,5,2,2,8,8,7,7,7,7,0,0,3,3,2,2,10,10,2,2,12,12,2,2,12,12,10,10,12,12,3,3,4,4,8,8,16,16,0,0,0,0,7,7,6,6,4,4,0,0,1,1,4,4,6179256313044591201662642816332996185162448814095872704053505471873094,170985619380861465644500067117360722226202573075040279376542873438782468
2000000591361,dfkchain,0xab8790921032d08705dc210968290f23afbb2523,48134293,1748564212,2025-05-30T00:16:52.000Z,Dralmolt Browngroomer,1280,1278,Warrior,0,Thief,2,Rare,2,2,false,9,10,8177,10,0,0,earth,4,foraging,6,Warrior,0,Thief,2,foraging,6,earth,4,INT,4,STR,0,Poisoned Blade (Basic1),0,Iron Skin (Basic5),4,Chatterbox (Basic7),6,Fearless (Basic6),5,Woodworking,6,Alchemy,14,male,desert,5,3,10,6,0,3,10,4,18,3,1717538345,1718344489,1000000552015,1000000552127,3,3,0,26,10,10,13,16,17,17,25,495,63,30,0,0,258,0,0,0,0,0,25.8,0,0,0,7700,77,2000,20,2000,20,3500,35,5000,50,6500,65,6500,65,7000,70,1500,15,4000,40,4500,45,5000,50,3500,35,1500,15,1775,17.75,625,6.25,875,8.75,1625,16.25,1750,17.5,1250,12.5,1125,11.25,1375,13.75,625,6.25,1250,12.5,625,6.25,750,7.5,1000,10,750,7.5,Thief,2,Thief,2,Scholar,11,Knight,1,Legionnaire,10,Warrior,0,gardening,2,mining,0,gardening,2,Chatterbox (Basic7),6,Foresight (Basic3),2,Stalwart (Basic8),7,Chatterbox (Basic7),6,Fearless (Basic6),5,Fearless (Basic6),5,Headstrong (Basic4),3,Foresight (Basic3),2,Poisoned Blade (Basic1),0,Blinding Winds (Basic2),1,Heal (Basic3),2,Critical Aim (Basic6),5,Iron Skin (Basic5),4,Deathmark (Basic8),7,Speed (Basic7),6,Critical Aim (Basic6),5,INT,4,STR,0,WIS,6,END,12,STR,0,VIT,10,VIT,10,AGI,2,Woodworking,6,Armorsmithing,4,Woodworking,6,Tailoring,10,water,2,dark,14,water,2,Alchemy,14,Woodworking,6,Tailoring,10,Tailoring,10,male,1,female,3,male,1,male,1,0,0,8,8,4,4,2,2,3,3,5,5,9,9,6,6,desert,0,swamp,8,city,12,plains,4,5,5,7,7,1,1,0,0,3,3,1,1,8,8,1,1,18,18,2,2,6,6,0,0,10,10,12,12,0,0,10,10,6,6,10,10,10,10,2,2,10,10,0,0,1,1,9,9,4,4,10,10,6,6,4,4,3,3,2,2,7,7,2,2,610912407987415505664396058913572453640923374583532237986484605130451150,57102964343693463541275644461060440432183967605341615417571973336734787
2000000667516,dfkchain,0xd4e29818e3957e2d9a39b21fda603404836f0b3b,48134305,1748564236,2025-05-30T00:17:16.000Z,Aldred Nam,466,1968,Monk,6,Paladin,16,Rare,2,3,false,11,4,2000,4,0,0,lightning,8,gardening,2,Monk,6,Paladin,16,gardening,2,lightning,8,STR,0,END,12,Heal (Basic3),2,Speed (Basic7),6,Clutch (Basic2),1,Foresight (Basic3),2,Armorsmithing,4,Enchanting,12,male,swamp,3,3,6,2,6,4,18,7,7,6,1721298124,1728718838,2000000567286,2000000161867,4,4,0,14,6,10,7,13,14,10,11,230,54,27,0,0,0,0,0,0,0,0,0,0,0,0,6000,60,2500,25,5000,50,3000,30,6000,60,6000,60,5700,57,6000,60,2500,25,3500,35,4000,40,3000,30,4000,40,3000,30,2000,20,750,7.5,1625,16.25,1000,10,875,8.75,2000,20,2400,24,1000,10,250,2.5,1000,10,1250,12.5,625,6.25,1000,10,875,8.75,Thief,2,Thief,2,Scholar,11,Priest,4,Wizard,5,Scholar,11,fishing,4,fishing,4,mining,0,Clutch (Basic2),1,Clear Vision (Basic5),4,Fearless (Basic6),5,Foresight (Basic3),2,Foresight (Basic3),2,Fearless (Basic6),5,Foresight (Basic3),2,Chatterbox (Basic7),6,Heal (Basic3),2,Speed (Basic7),6,Cleanse (Basic4),3,Critical Aim (Basic6),5,Speed (Basic7),6,Speed (Basic7),6,Speed (Basic7),6,Poisoned Blade (Basic1),0,STR,0,END,12,INT,4,AGI,2,END,12,AGI,2,DEX,14,END,12,Armorsmithing,4,Woodworking,6,Leatherworking,8,Tailoring,10,water,2,water,2,water,2,Enchanting,12,Tailoring,10,Enchanting,12,Enchanting,12,male,1,male,1,female,3,male,1,6,6,0,0,7,7,11,11,4,4,5,5,9,9,3,3,swamp,8,city,12,mountains,10,desert,0,3,3,11,11,8,8,0,0,3,3,9,9,8,8,3,3,7,7,4,4,2,2,4,4,6,6,10,10,8,8,2,2,2,2,10,10,14,14,6,6,18,18,4,4,4,4,3,3,7,7,8,8,7,7,10,10,6,6,4,4,3,3,3,3,610923089134166197710537580761416115209805211752913418521092476998398284,60446476170361163178514989497576151586687079059619885555325155490761862
2000000695244,dfkchain,0xd4e29818e3957e2d9a39b21fda603404836f0b3b,48134305,1748564236,2025-05-30T00:17:16.000Z,Alziel Lightpunch,1964,879,Warrior,0,Paladin,16,Rare,2,3,false,1,4,3350,4,0,0,wind,6,foraging,6,Warrior,0,Paladin,16,foraging,6,wind,6,VIT,10,AGI,2,Cleanse (Basic4),3,Heal (Basic3),2,Headstrong (Basic4),3,Fearless (Basic6),5,Tailoring,10,Blacksmithing,0,male,plains,7,2,0,0,2,9,7,6,3,2,1722835158,1728563194,2000000576820,43842,3,3,0,15,7,5,11,11,16,9,13,289,39,27,0,0,14,0,0,0,0,0,1.4,0,0,0,7500,75,2000,20,2000,20,3500,35,5200,52,6500,65,6500,65,7000,70,1500,15,4000,40,4500,45,5000,50,3500,35,1500,15,2000,20,750,7.5,1625,16.25,1000,10,1275,12.75,2000,20,2000,20,1000,10,250,2.5,1000,10,1250,12.5,625,6.25,1000,10,875,8.75,Thief,2,Archer,3,Pirate,7,Archer,3,Knight,1,Knight,1,fishing,4,mining,0,mining,0,Headstrong (Basic4),3,Duelist (Basic1),0,Foresight (Basic3),2,Chatterbox (Basic7),6,Fearless (Basic6),5,Chatterbox (Basic7),6,Stalwart (Basic8),7,Headstrong (Basic4),3,Cleanse (Basic4),3,Deathmark (Basic8),7,Cleanse (Basic4),3,Poisoned Blade (Basic1),0,Heal (Basic3),2,Blinding Winds (Basic2),1,Deathmark (Basic8),7,Speed (Basic7),6,VIT,10,WIS,6,VIT,10,END,12,AGI,2,VIT,10,WIS,6,VIT,10,Tailoring,10,Goldsmithing,2,Goldsmithing,2,Armorsmithing,4,lightning,8,light,12,lightning,8,Blacksmithing,0,Enchanting,12,Goldsmithing,2,Tailoring,10,male,1,female,3,female,3,male,1,2,2,8,8,2,2,6,6,9,9,6,6,5,5,4,4,plains,4,desert,0,forest,2,city,12,7,7,1,1,5,5,7,7,2,2,6,6,0,0,1,1,3,3,3,3,2,2,7,7,0,0,10,10,4,4,6,6,0,0,8,8,6,6,4,4,7,7,7,7,4,4,1,1,6,6,9,9,19,19,3,3,2,2,4,4,7,7,1,1,391781999448660755697650442299973573882293819681701840586103574290041216,60554044853770191868591428985429580261450986966505692099337777160690818
2000000369500,dfkchain,0xd4e29818e3957e2d9a39b21fda603404836f0b3b,48134305,1748564236,2025-05-30T00:17:16.000Z,Aeriche Phanlios,824,1463,Archer,3,Archer,3,Common,0,3,false,3,1,0,1,0,0,dark,14,fishing,4,Archer,3,Archer,3,fishing,4,dark,14,AGI,2,WIS,6,Stun (Elite1),24,Deathmark (Basic8),7,Duelist (Basic1),0,Chatterbox (Basic7),6,Alchemy,14,Tailoring,10,female,city,2,8,10,6,6,7,11,1,4,6,1704729297,1746812774,2000000069952,2000000102155,4,4,0,8,7,6,8,9,6,8,12,135,40,25,0,0,0,0,0,0,0,0,0,0,0,0,5600,56,4000,40,2700,27,4000,40,5000,50,5000,50,6100,61,8000,80,2500,25,5000,50,2500,25,3000,30,4000,40,3000,30,1375,13.75,1000,10,1025,10.25,1000,10,1250,12.5,1250,12.5,1500,15,2000,20,625,6.25,1250,12.5,625,6.25,750,7.5,1000,10,750,7.5,Archer,3,Seer,9,Pirate,7,Scholar,11,Warrior,0,Scholar,11,fishing,4,mining,0,mining,0,Duelist (Basic1),0,Clutch (Basic2),1,Headstrong (Basic4),3,Fearless (Basic6),5,Chatterbox (Basic7),6,Clutch (Basic2),1,Clutch (Basic2),1,Chatterbox (Basic7),6,Stun (Elite1),24,Speed (Basic7),6,Poisoned Blade (Basic1),0,Cleanse (Basic4),3,Deathmark (Basic8),7,Blinding Winds (Basic2),1,Blinding Winds (Basic2),1,Iron Skin (Basic5),4,AGI,2,VIT,10,DEX,14,STR,0,WIS,6,END,12,DEX,14,STR,0,Alchemy,14,Leatherworking,8,Enchanting,12,Leatherworking,8,dark,14,lightning,8,ice,10,Tailoring,10,Alchemy,14,Leatherworking,8,Blacksmithing,0,female,3,female,3,male,1,male,1,6,6,6,6,9,9,9,9,7,7,9,9,1,1,10,10,city,12,mountains,10,desert,0,desert,0,2,2,1,1,7,7,2,2,8,8,9,9,3,3,10,10,4,4,0,0,0,0,4,4,10,10,6,6,14,14,2,2,6,6,14,14,10,10,8,8,11,11,11,11,7,7,2,2,1,1,8,8,9,9,10,10,6,6,6,6,4,4,3,3,402194119158620720511673016651835947423377283735992294374247907710738890,57106711064556592492475489097312309452330402982347961822949938107093190
1000000221915,dfkchain,0xd4e29818e3957e2d9a39b21fda603404836f0b3b,48134305,1748564236,2025-05-30T00:17:16.000Z,Onvagorim Flamegleam,1642,394,Priest,4,Summoner,18,Legendary,3,3,false,9,15,2250,15,0,0,dark,14,fishing,4,Priest,4,Summoner,18,fishing,4,dark,14,VIT,10,END,12,Deathmark (Basic8),7,Cleanse (Basic4),3,Chatterbox (Basic7),6,Foresight (Basic3),2,Armorsmithing,4,Tailoring,10,male,plains,6,2,8,12,5,9,5,1,2,6,1682642391,1683562747,2000000068556,1000000213907,2,2,0,11,31,51,19,20,24,25,12,689,189,32,0,0,0,304,0,0,0,0,0,30.4,0,0,3000,30,7000,70,8300,83,4000,40,4000,40,5000,50,6200,62,3000,30,3500,35,4000,40,2500,25,1500,15,3500,35,5000,50,1125,11.25,2125,21.25,2625,26.25,1000,10,1250,12.5,1250,12.5,1650,16.5,1125,11.25,1000,10,1000,10,500,5,375,3.75,875,8.75,1250,12.5,Thief,2,Priest,4,Archer,3,Priest,4,Thief,2,Wizard,5,fishing,4,mining,0,fishing,4,Chatterbox (Basic7),6,Duelist (Basic1),0,Foresight (Basic3),2,Clear Vision (Basic5),4,Foresight (Basic3),2,Fearless (Basic6),5,Duelist (Basic1),0,Duelist (Basic1),0,Deathmark (Basic8),7,Critical Aim (Basic6),5,Iron Skin (Basic5),4,Speed (Basic7),6,Cleanse (Basic4),3,Iron Skin (Basic5),4,Cleanse (Basic4),3,Blinding Winds (Basic2),1,VIT,10,DEX,14,AGI,2,AGI,2,END,12,LCK,8,INT,4,VIT,10,Armorsmithing,4,Tailoring,10,Leatherworking,8,Armorsmithing,4,dark,14,water,2,light,12,Tailoring,10,Woodworking,6,Armorsmithing,4,Armorsmithing,4,male,1,male,1,male,1,male,1,5,5,8,8,9,9,6,6,9,9,9,9,1,1,1,1,plains,4,arctic,14,swamp,8,mountains,10,6,6,2,2,11,11,8,8,2,2,8,8,1,1,7,7,2,2,3,3,1,1,5,5,8,8,6,6,2,2,6,6,12,12,4,4,2,2,2,2,5,5,0,0,4,4,11,11,1,1,9,9,3,3,10,10,6,6,7,7,5,5,7,7,172658505249651795141695275984327388503828818689101024346797235069128906,56995343416902242286955206779637718868251485636277603698543202183386342
2000000763967,dfkchain,0xd4e29818e3957e2d9a39b21fda603404836f0b3b,48134305,1748564236,2025-05-30T00:17:16.000Z,Alexandria Volegaru,0,1479,Pirate,7,DarkKnight,17,Rare,2,3,false,8,4,2150,4,0,0,fire,0,fishing,4,Pirate,7,DarkKnight,17,fishing,4,fire,0,INT,4,AGI,2,Deathmark (Basic8),7,Poisoned Blade (Basic1),0,Duelist (Basic1),0,Clutch (Basic2),1,Goldsmithing,2,Leatherworking,8,female,arctic,1,10,0,10,3,7,4,2,1,2,1726657753,1728373238,2000000624572,1000000380019,2,2,0,12,11,6,15,10,16,8,13,247,48,27,0,0,0,0,0,0,0,0,0,0,0,0,7000,70,2000,20,2000,20,5500,55,5200,52,6000,60,5500,55,7000,70,1500,15,4500,45,4000,40,4500,45,4000,40,1500,15,2125,21.25,1750,17.5,875,8.75,875,8.75,1275,12.75,1875,18.75,1500,15,1375,13.75,500,5,1375,13.75,625,6.25,500,5,1000,10,1000,10,Pirate,7,Archer,3,Wizard,5,Berserker,8,Thief,2,Archer,3,foraging,6,gardening,2,gardening,2,Duelist (Basic1),0,Clear Vision (Basic5),4,Fearless (Basic6),5,Headstrong (Basic4),3,Clutch (Basic2),1,Fearless (Basic6),5,Headstrong (Basic4),3,Clear Vision (Basic5),4,Deathmark (Basic8),7,Critical Aim (Basic6),5,Blinding Winds (Basic2),1,Heal (Basic3),2,Poisoned Blade (Basic1),0,Critical Aim (Basic6),5,Deathmark (Basic8),7,Blinding Winds (Basic2),1,INT,4,END,12,STR,0,DEX,14,AGI,2,LCK,8,AGI,2,WIS,6,Goldsmithing,2,Leatherworking,8,Alchemy,14,Blacksmithing,0,water,2,wind,6,earth,4,Leatherworking,8,Tailoring,10,Armorsmithing,4,Goldsmithing,2,female,3,male,1,male,1,female,3,3,3,10,10,5,5,6,6,7,7,6,6,5,5,3,3,arctic,14,arctic,14,city,12,desert,0,1,1,1,1,9,9,9,9,10,10,4,4,6,6,11,11,1,1,5,5,2,2,5,5,0,0,4,4,8,8,12,12,10,10,6,6,4,4,12,12,4,4,0,0,10,10,3,3,2,2,4,4,7,7,7,7,2,2,1,1,5,5,0,0,281635559559967037959999777517690051170310253050919799944273778605887816,167426648476603146247153543100889610124815240831273841204548013312185378
2000000669272,dfkchain,0xd4e29818e3957e2d9a39b21fda603404836f0b3b,48134305,1748564236,2025-05-30T00:17:16.000Z,Barran Primagary,1859,1578,Priest,4,Summoner,18,Rare,2,3,false,8,4,4913,4,0,0,earth,4,foraging,6,Priest,4,Summoner,18,foraging,6,earth,4,LCK,8,INT,4,Deathmark (Basic8),7,Critical Aim (Basic6),5,Foresight (Basic3),2,Foresight (Basic3),2,Armorsmithing,4,Blacksmithing,0,female,city,8,0,0,8,7,1,6,18,4,3,1721401270,1728716748,2000000330031,2000000640575,4,4,0,7,16,18,14,8,9,11,8,181,86,27,0,0,24,0,0,0,0,0,2.4,0,0,0,3000,30,7200,72,8000,80,4000,40,4000,40,5000,50,6000,60,3000,30,3500,35,4000,40,2500,25,1500,15,3500,35,5000,50,1125,11.25,2525,25.25,2125,21.25,1000,10,1250,12.5,1250,12.5,1250,12.5,1125,11.25,1000,10,1000,10,500,5,375,3.75,875,8.75,1250,12.5,Knight,1,Legionnaire,10,Pirate,7,Scholar,11,Wizard,5,Knight,1,fishing,4,fishing,4,foraging,6,Foresight (Basic3),2,Clear Vision (Basic5),4,Foresight (Basic3),2,Fearless (Basic6),5,Foresight (Basic3),2,Stalwart (Basic8),7,Headstrong (Basic4),3,Stalwart (Basic8),7,Deathmark (Basic8),7,Blinding Winds (Basic2),1,Blinding Winds (Basic2),1,Poisoned Blade (Basic1),0,Critical Aim (Basic6),5,Deathmark (Basic8),7,Poisoned Blade (Basic1),0,Critical Aim (Basic6),5,LCK,8,VIT,10,DEX,14,INT,4,INT,4,VIT,10,END,12,STR,0,Armorsmithing,4,Armorsmithing,4,Woodworking,6,Tailoring,10,ice,10,wind,6,lightning,8,Blacksmithing,0,Blacksmithing,0,Blacksmithing,0,Woodworking,6,female,3,male,1,male,1,male,1,7,7,2,2,6,6,8,8,1,1,0,0,9,9,3,3,city,12,arctic,14,desert,0,island,6,8,8,4,4,8,8,9,9,0,0,3,3,9,9,4,4,4,4,7,7,0,0,4,4,0,0,0,0,0,0,14,14,8,8,0,0,12,12,12,12,6,6,7,7,0,0,10,10,18,18,6,6,4,4,1,1,3,3,4,4,4,4,5,5,403812882645792551346993506924700009659662482078625101020662197112733696,56998813480807938310323992681219355783183509530341472256626497234833539
2000000244365,dfkchain,0xd4e29818e3957e2d9a39b21fda603404836f0b3b,48134305,1748564236,2025-05-30T00:17:16.000Z,Delathe Cedarrunner,724,1029,Thief,2,Paladin,16,Common,0,3,false,4,10,20000,10,0,0,ice,10,fishing,4,Thief,2,Paladin,16,fishing,4,ice,10,END,12,END,12,Deathmark (Basic8),7,Critical Aim (Basic6),5,Clutch (Basic2),1,Clear Vision (Basic5),4,Goldsmithing,2,Enchanting,12,female,plains,5,6,4,8,10,3,9,9,7,3,1695318399,1695404799,2000000233129,2000000212464,0,2,2,13,7,11,30,19,17,16,10,482,82,30,0,0,0,303,0,0,0,0,0,30.3,0,0,5500,55,2500,25,3500,35,6500,65,7000,70,5000,50,4700,47,5500,55,2500,25,5000,50,2500,25,3000,30,4000,40,3000,30,2000,20,750,7.5,1625,16.25,1000,10,875,8.75,2000,20,2400,24,1000,10,250,2.5,1000,10,1250,12.5,625,6.25,1000,10,875,8.75,Thief,2,Pirate,7,Priest,4,Archer,3,Priest,4,Warrior,0,mining,0,mining,0,foraging,6,Clutch (Basic2),1,Chatterbox (Basic7),6,Foresight (Basic3),2,Duelist (Basic1),0,Clear Vision (Basic5),4,Chatterbox (Basic7),6,Clutch (Basic2),1,Clear Vision (Basic5),4,Deathmark (Basic8),7,Speed (Basic7),6,Critical Aim (Basic6),5,Deathmark (Basic8),7,Critical Aim (Basic6),5,Poisoned Blade (Basic1),0,Iron Skin (Basic5),4,Heal (Basic3),2,END,12,AGI,2,STR,0,STR,0,END,12,END,12,END,12,INT,4,Goldsmithing,2,Blacksmithing,0,Leatherworking,8,Woodworking,6,water,2,light,12,dark,14,Enchanting,12,Leatherworking,8,Enchanting,12,Alchemy,14,female,3,male,1,male,1,male,1,10,10,8,8,5,5,6,6,3,3,0,0,8,8,10,10,plains,4,plains,4,island,6,desert,0,5,5,2,2,5,5,0,0,6,6,2,2,4,4,11,11,7,7,1,1,4,4,7,7,4,4,0,0,12,12,0,0,8,8,2,2,12,12,10,10,9,9,7,7,7,7,10,10,9,9,0,0,6,6,0,0,3,3,5,5,3,3,5,5,233045155746480121473463224967586605337333362517881641274115895081775372,56998706836714582270330009711464134938937613326664730256392513469451427
2000001033752,dfkchain,0xd4e29818e3957e2d9a39b21fda603404836f0b3b,48134305,1748564236,2025-05-30T00:17:16.000Z,Héostor Sunsteam,79,651,Paladin,16,Ninja,19,Common,0,3,false,11,1,0,1,0,0,light,12,fishing,4,Paladin,16,Ninja,19,fishing,4,light,12,WIS,6,LCK,8,Cleanse (Basic4),3,Exhaust (Advanced1),16,Toxic (Advanced4),19,Headstrong (Basic4),3,Woodworking,6,Blacksmithing,0,male,desert,0,7,4,10,8,10,0,2,1,3,1742558345,1743428142,2000000733463,2000000920984,1,1,0,10,6,12,7,6,10,10,6,160,40,25,0,0,0,0,0,0,0,0,0,0,0,0,8000,80,3000,30,6500,65,4200,42,3500,35,8000,80,8000,80,4000,40,1000,10,4000,40,5000,50,2500,25,4000,40,3500,35,1250,12.5,1250,12.5,1000,10,1900,19,2125,21.25,1250,12.5,1000,10,1875,18.75,625,6.25,1250,12.5,625,6.25,625,6.25,1250,12.5,625,6.25,Monk,6,Wizard,5,Pirate,7,DarkKnight,17,Warrior,0,Seer,9,foraging,6,gardening,2,mining,0,Toxic (Advanced4),19,Foresight (Basic3),2,Clutch (Basic2),1,Headstrong (Basic4),3,Headstrong (Basic4),3,Fearless (Basic6),5,Foresight (Basic3),2,Fearless (Basic6),5,Cleanse (Basic4),3,Deathmark (Basic8),7,Critical Aim (Basic6),5,Poisoned Blade (Basic1),0,Exhaust (Advanced1),16,Critical Aim (Basic6),5,Cleanse (Basic4),3,Heal (Basic3),2,WIS,6,END,12,STR,0,LCK,8,LCK,8,LCK,8,INT,4,STR,0,Woodworking,6,Armorsmithing,4,Tailoring,10,Goldsmithing,2,water,2,earth,4,lightning,8,Blacksmithing,0,Enchanting,12,Armorsmithing,4,Enchanting,12,male,1,female,3,male,1,male,1,8,8,4,4,9,9,3,3,10,10,5,5,3,3,0,0,desert,0,island,6,desert,0,island,6,0,0,2,2,4,4,0,0,7,7,2,2,10,10,8,8,1,1,7,7,5,5,2,2,4,4,12,12,0,0,12,12,10,10,8,8,0,0,0,0,0,0,11,11,6,6,3,3,2,2,6,6,6,6,9,9,3,3,7,7,2,2,3,3,395475932470454801638405383837362910533698002893272979471625833662517632,57103025034218813384116023625177928158835321805945126439146170066503907
2000000327090,dfkchain,0xd4e29818e3957e2d9a39b21fda603404836f0b3b,48134305,1748564236,2025-05-30T00:17:16.000Z,Naererah Gardener,382,1908,Warrior,0,Seer,9,Rare,2,3,false,4,11,4918,11,0,0,water,2,foraging,6,Warrior,0,Seer,9,foraging,6,water,2,END,12,WIS,6,Heal (Basic3),2,Critical Aim (Basic6),5,Foresight (Basic3),2,Clear Vision (Basic5),4,Woodworking,6,Goldsmithing,2,female,arctic,7,2,6,0,8,0,6,8,2,5,1701753721,1701840121,2000000323967,2000000306216,0,0,0,20,22,13,16,15,22,19,25,508,75,30,0,0,276,0,0,0,0,0,27.6,0,0,0,7500,75,2000,20,2200,22,3500,35,5000,50,6500,65,6500,65,7000,70,1500,15,4000,40,4500,45,5000,50,3500,35,1500,15,750,7.5,1750,17.5,2400,24,875,8.75,1375,13.75,1250,12.5,1250,12.5,750,7.5,875,8.75,1000,10,625,6.25,375,3.75,875,8.75,1250,12.5,Knight,1,Archer,3,Wizard,5,Monk,6,Monk,6,Seer,9,gardening,2,fishing,4,fishing,4,Foresight (Basic3),2,Foresight (Basic3),2,Headstrong (Basic4),3,Clutch (Basic2),1,Clear Vision (Basic5),4,Clear Vision (Basic5),4,Headstrong (Basic4),3,Fearless (Basic6),5,Heal (Basic3),2,Iron Skin (Basic5),4,Speed (Basic7),6,Poisoned Blade (Basic1),0,Critical Aim (Basic6),5,Blinding Winds (Basic2),1,Speed (Basic7),6,Blinding Winds (Basic2),1,END,12,END,12,STR,0,INT,4,WIS,6,LCK,8,WIS,6,END,12,Woodworking,6,Goldsmithing,2,Goldsmithing,2,Armorsmithing,4,fire,0,wind,6,water,2,Goldsmithing,2,Goldsmithing,2,Alchemy,14,Enchanting,12,female,3,male,1,male,1,male,1,8,8,6,6,1,1,6,6,0,0,8,8,8,8,3,3,arctic,14,mountains,10,city,12,arctic,14,7,7,8,8,5,5,9,9,2,2,1,1,7,7,3,3,2,2,3,3,1,1,1,1,6,6,6,6,2,2,6,6,0,0,2,2,14,14,4,4,6,6,6,6,6,6,2,2,8,8,4,4,5,5,9,9,5,5,5,5,7,7,3,3,281300567626591426632621606055630343771789064197259707937301904987928642,56998700148287312768344567689640173507862767131573875182709020607749285
2000000757054,dfkchain,0xd4e29818e3957e2d9a39b21fda603404836f0b3b,48134305,1748564236,2025-05-30T00:17:16.000Z,Vollaan Barner,488,1859,Wizard,5,Summoner,18,Rare,2,4,false,11,4,2208,4,0,0,wind,6,fishing,4,Wizard,5,Summoner,18,fishing,4,wind,6,VIT,10,DEX,14,Poisoned Blade (Basic1),0,Critical Aim (Basic6),5,Chatterbox (Basic7),6,Headstrong (Basic4),3,Alchemy,14,Enchanting,12,female,forest,10,16,12,0,11,7,11,4,3,3,1726370043,1728429383,2000000310580,2000000744789,2,2,0,7,21,15,10,9,12,7,7,208,96,27,0,0,0,0,0,0,0,0,0,0,0,0,3000,30,8000,80,8000,80,4000,40,4000,40,5000,50,5000,50,3200,32,3500,35,4000,40,2500,25,1500,15,3500,35,5000,50,1125,11.25,2125,21.25,2125,21.25,1000,10,1250,12.5,1250,12.5,1250,12.5,1525,15.25,1000,10,1000,10,500,5,375,3.75,875,8.75,1250,12.5,Priest,4,Pirate,7,Archer,3,Wizard,5,Seer,9,Priest,4,fishing,4,gardening,2,mining,0,Chatterbox (Basic7),6,Headstrong (Basic4),3,Foresight (Basic3),2,Stalwart (Basic8),7,Headstrong (Basic4),3,Foresight (Basic3),2,Chatterbox (Basic7),6,Foresight (Basic3),2,Poisoned Blade (Basic1),0,Heal (Basic3),2,Deathmark (Basic8),7,Poisoned Blade (Basic1),0,Critical Aim (Basic6),5,Blinding Winds (Basic2),1,Speed (Basic7),6,Speed (Basic7),6,VIT,10,INT,4,DEX,14,LCK,8,DEX,14,LCK,8,STR,0,VIT,10,Alchemy,14,Alchemy,14,Enchanting,12,Woodworking,6,lightning,8,earth,4,water,2,Enchanting,12,Blacksmithing,0,Alchemy,14,Blacksmithing,0,female,3,female,3,male,1,female,3,11,11,0,0,6,6,6,6,7,7,2,2,3,3,4,4,forest,2,island,6,city,12,swamp,8,10,10,5,5,7,7,7,7,16,16,7,7,7,7,7,7,3,3,1,1,2,2,4,4,12,12,4,4,4,4,0,0,0,0,6,6,2,2,2,2,11,11,11,11,6,6,0,0,4,4,9,9,6,6,1,1,3,3,4,4,7,7,0,0,177944298706690373281720993016909842280852419911150383419378321525323788,167534489407458518805051565389166813820407778889716704552795970765593731
2000000787774,dfkchain,0xd4e29818e3957e2d9a39b21fda603404836f0b3b,48134305,1748564236,2025-05-30T00:17:16.000Z,Caeousa Gigantra,658,1616,Archer,3,Priest,4,Legendary,3,4,false,3,4,3643,4,0,0,water,2,gardening,2,Archer,3,Priest,4,gardening,2,water,2,VIT,10,LCK,8,Critical Aim (Basic6),5,Iron Skin (Basic5),4,Fearless (Basic6),5,Duelist (Basic1),0,Blacksmithing,0,Armorsmithing,4,female,forest,6,9,14,6,10,3,1,21,7,3,1727574129,1727775729,2000000743636,2000000730116,0,5,5,15,10,7,11,12,12,10,19,228,58,27,0,0,0,0,0,0,0,0,0,0,0,0,5800,58,4000,40,2500,25,4200,42,5000,50,5000,50,6000,60,8000,80,2500,25,5000,50,2500,25,3000,30,4000,40,3000,30,1250,12.5,1750,17.5,2000,20,1400,14,1000,10,1250,12.5,1500,15,750,7.5,875,8.75,1000,10,625,6.25,375,3.75,875,8.75,1250,12.5,Wizard,5,Warrior,0,Monk,6,Seer,9,Knight,1,Thief,2,mining,0,fishing,4,gardening,2,Fearless (Basic6),5,Fearless (Basic6),5,Duelist (Basic1),0,Chatterbox (Basic7),6,Duelist (Basic1),0,Stalwart (Basic8),7,Foresight (Basic3),2,Clear Vision (Basic5),4,Critical Aim (Basic6),5,Deathmark (Basic8),7,Speed (Basic7),6,Deathmark (Basic8),7,Iron Skin (Basic5),4,Hardened Shield (Advanced4),19,Poisoned Blade (Basic1),0,Cleanse (Basic4),3,VIT,10,DEX,14,AGI,2,LCK,8,LCK,8,STR,0,VIT,10,DEX,14,Blacksmithing,0,Enchanting,12,Enchanting,12,Goldsmithing,2,light,12,wind,6,ice,10,Armorsmithing,4,Alchemy,14,Goldsmithing,2,Blacksmithing,0,female,3,female,3,female,3,male,1,10,10,4,4,4,4,3,3,3,3,9,9,5,5,6,6,forest,2,forest,2,swamp,8,swamp,8,6,6,1,1,2,2,9,9,9,9,4,4,1,1,1,1,7,7,7,7,2,2,3,3,14,14,8,8,0,0,2,2,6,6,4,4,0,0,10,10,1,1,6,6,6,6,1,1,21,21,7,7,7,7,5,5,3,3,16,16,4,4,2,2,331558586529747507823871254978746565307508279510802697627819347680430532,60557259976943203563992055166151691027110838358806415614654343608865283
2000001043464,dfkchain,0xd4e29818e3957e2d9a39b21fda603404836f0b3b,48134305,1748564236,2025-05-30T00:17:16.000Z,Déorbrand Suprelas,22,1714,Summoner,18,Paladin,16,Common,0,4,false,2,1,0,1,0,0,ice,10,foraging,6,Summoner,18,Paladin,16,foraging,6,ice,10,DEX,14,END,12,Iron Skin (Basic5),4,Poisoned Blade (Basic1),0,Foresight (Basic3),2,Chatterbox (Basic7),6,Leatherworking,8,Armorsmithing,4,male,city,11,1,10,6,3,3,4,3,4,7,1743255415,1743457015,2000001033264,2000001033378,0,0,0,6,14,12,7,7,6,6,9,120,80,25,0,0,0,0,0,0,0,0,0,0,0,0,4500,45,8500,85,8500,85,4000,40,5000,50,5000,50,5200,52,4500,45,4000,40,4000,40,2000,20,1500,15,3500,35,5000,50,2000,20,750,7.5,1625,16.25,1000,10,875,8.75,2000,20,2400,24,1000,10,250,2.5,1000,10,1250,12.5,625,6.25,1000,10,875,8.75,Priest,4,Wizard,5,Thief,2,Berserker,8,Pirate,7,Knight,1,foraging,6,foraging,6,mining,0,Foresight (Basic3),2,Duelist (Basic1),0,Clutch (Basic2),1,Duelist (Basic1),0,Chatterbox (Basic7),6,Chatterbox (Basic7),6,Foresight (Basic3),2,Clutch (Basic2),1,Iron Skin (Basic5),4,Poisoned Blade (Basic1),0,Blinding Winds (Basic2),1,Blinding Winds (Basic2),1,Poisoned Blade (Basic1),0,Deathmark (Basic8),7,Blinding Winds (Basic2),1,Poisoned Blade (Basic1),0,DEX,14,DEX,14,STR,0,END,12,END,12,AGI,2,WIS,6,WIS,6,Leatherworking,8,Alchemy,14,Blacksmithing,0,Blacksmithing,0,earth,4,lightning,8,dark,14,Armorsmithing,4,Enchanting,12,Alchemy,14,Blacksmithing,0,male,1,male,1,female,3,male,1,3,3,10,10,6,6,9,9,3,3,1,1,2,2,1,1,city,12,desert,0,swamp,8,arctic,14,11,11,2,2,2,2,3,3,1,1,1,1,3,3,0,0,4,4,3,3,7,7,1,1,10,10,10,10,8,8,0,0,6,6,14,14,10,10,8,8,4,4,8,8,4,4,10,10,3,3,3,3,1,1,5,5,7,7,1,1,2,2,6,6,119301198607249577575076595077638963494448127076627862515415545681033604,60446369721852681749412682703438883815277857412378225967567236351854631
2000000807307,dfkchain,0xd4e29818e3957e2d9a39b21fda603404836f0b3b,48134305,1748564236,2025-05-30T00:17:16.000Z,Ismale Fullswallow,635,205,Bard,21,Ninja,19,Common,0,4,false,4,1,0,1,0,0,lightning,8,gardening,2,Bard,21,Ninja,19,gardening,2,lightning,8,AGI,2,INT,4,Deathmark (Basic8),7,Blinding Winds (Basic2),1,Clutch (Basic2),1,Chatterbox (Basic7),6,Armorsmithing,4,Enchanting,12,female,swamp,2,2,14,4,3,10,1,11,0,3,1728378516,1743459764,2000000667457,2000000743067,1,1,0,5,7,10,10,12,6,6,11,125,75,25,0,0,0,0,0,0,0,0,0,0,0,0,5000,50,5200,52,6000,60,6500,65,6500,65,5000,50,4000,40,7000,70,3500,35,4000,40,2500,25,2000,20,4000,40,4000,40,1250,12.5,1650,16.5,1000,10,1500,15,2125,21.25,1250,12.5,1000,10,1875,18.75,625,6.25,1250,12.5,625,6.25,625,6.25,1250,12.5,625,6.25,Wizard,5,Priest,4,Priest,4,Berserker,8,Warrior,0,Seer,9,fishing,4,foraging,6,mining,0,Clutch (Basic2),1,Foresight (Basic3),2,Chatterbox (Basic7),6,Headstrong (Basic4),3,Chatterbox (Basic7),6,Headstrong (Basic4),3,Stalwart (Basic8),7,Fearless (Basic6),5,Deathmark (Basic8),7,Heal (Basic3),2,Cleanse (Basic4),3,Critical Aim (Basic6),5,Blinding Winds (Basic2),1,Blinding Winds (Basic2),1,Heal (Basic3),2,Speed (Basic7),6,AGI,2,INT,4,VIT,10,VIT,10,INT,4,END,12,END,12,DEX,14,Armorsmithing,4,Enchanting,12,Alchemy,14,Armorsmithing,4,water,2,lightning,8,wind,6,Enchanting,12,Tailoring,10,Alchemy,14,Goldsmithing,2,female,3,male,1,female,3,female,3,3,3,0,0,5,5,9,9,10,10,2,2,8,8,0,0,swamp,8,plains,4,island,6,city,12,2,2,6,6,4,4,10,10,2,2,3,3,10,10,5,5,0,0,5,5,5,5,6,6,14,14,10,10,12,12,14,14,4,4,6,6,4,4,12,12,1,1,6,6,2,2,6,6,11,11,7,7,9,9,5,5,3,3,2,2,4,4,6,6,228063088187990832306356132170293789639338971615848493897294770524469580,170877679104069623201713682162785688071169784238572301254973948890910787
2000000804823,dfkchain,0xd4e29818e3957e2d9a39b21fda603404836f0b3b,48134305,1748564236,2025-05-30T00:17:16.000Z,Hamnin Peacestriker,1012,513,DarkKnight,17,Paladin,16,Rare,2,4,false,10,4,2000,4,0,0,light,12,mining,0,DarkKnight,17,Paladin,16,mining,0,light,12,AGI,2,DEX,14,Heal (Basic3),2,Poisoned Blade (Basic1),0,Fearless (Basic6),5,Fearless (Basic6),5,Alchemy,14,Goldsmithing,2,male,city,0,19,14,2,3,4,8,8,2,1,1728284687,1728486287,2000000722506,2000000787868,0,0,0,18,12,8,7,11,18,12,11,277,77,27,0,0,0,0,0,0,0,0,0,0,0,0,8500,85,7000,70,3500,35,3500,35,3500,35,7500,75,6000,60,5700,57,2000,20,5500,55,2500,25,2000,20,4000,40,4000,40,2000,20,750,7.5,1625,16.25,1000,10,875,8.75,2000,20,2000,20,1400,14,250,2.5,1000,10,1250,12.5,625,6.25,1000,10,875,8.75,Wizard,5,Warrior,0,Monk,6,Knight,1,Monk,6,Monk,6,gardening,2,gardening,2,gardening,2,Fearless (Basic6),5,Fearless (Basic6),5,Clutch (Basic2),1,Chatterbox (Basic7),6,Fearless (Basic6),5,Stalwart (Basic8),7,Clutch (Basic2),1,Duelist (Basic1),0,Heal (Basic3),2,Critical Aim (Basic6),5,Heal (Basic3),2,Blinding Winds (Basic2),1,Poisoned Blade (Basic1),0,Deathmark (Basic8),7,Speed (Basic7),6,Iron Skin (Basic5),4,AGI,2,STR,0,STR,0,LCK,8,DEX,14,STR,0,VIT,10,STR,0,Alchemy,14,Enchanting,12,Alchemy,14,Enchanting,12,fire,0,earth,4,dark,14,Goldsmithing,2,Goldsmithing,2,Woodworking,6,Blacksmithing,0,male,1,male,1,male,1,male,1,3,3,0,0,9,9,1,1,4,4,4,4,1,1,5,5,city,12,island,6,swamp,8,arctic,14,0,0,3,3,3,3,3,3,19,19,0,0,0,0,9,9,2,2,6,6,3,3,6,6,14,14,14,14,14,14,8,8,2,2,12,12,6,6,8,8,8,8,9,9,6,6,6,6,8,8,6,6,5,5,2,2,1,1,3,3,7,7,7,7,331582394943091462020253801908714135412375251018922068518352645978593346,56995079721783670060136352268413219235094407893818713736360880534428769
2000000784930,dfkchain,0xd4e29818e3957e2d9a39b21fda603404836f0b3b,48134305,1748564236,2025-05-30T00:17:16.000Z,Vhassyl Bloodgleam,510,602,Shapeshifter,20,Shapeshifter,20,Common,0,4,false,12,1,0,1,0,0,earth,4,gardening,2,Shapeshifter,20,Shapeshifter,20,gardening,2,earth,4,END,12,STR,0,Deathmark (Basic8),7,Blinding Winds (Basic2),1,Headstrong (Basic4),3,Headstrong (Basic4),3,Tailoring,10,Armorsmithing,4,female,forest,7,9,8,6,11,3,3,8,2,4,1727434827,1743459774,2000000764457,2000000744062,1,1,0,9,6,6,8,11,9,9,9,150,50,25,0,0,0,0,0,0,0,0,0,0,0,0,6700,67,2500,25,4500,45,4500,45,8000,80,6500,65,5500,55,7000,70,2500,25,3500,35,4000,40,3000,30,4000,40,3000,30,2025,20.25,625,6.25,1125,11.25,1125,11.25,2000,20,1625,16.25,1375,13.75,1750,17.5,625,6.25,875,8.75,1000,10,750,7.5,1000,10,750,7.5,Scholar,11,Priest,4,Monk,6,Knight,1,Wizard,5,Pirate,7,gardening,2,gardening,2,mining,0,Headstrong (Basic4),3,Headstrong (Basic4),3,Headstrong (Basic4),3,Fearless (Basic6),5,Headstrong (Basic4),3,Headstrong (Basic4),3,Duelist (Basic1),0,Clutch (Basic2),1,Deathmark (Basic8),7,Iron Skin (Basic5),4,Poisoned Blade (Basic1),0,Iron Skin (Basic5),4,Blinding Winds (Basic2),1,Poisoned Blade (Basic1),0,Critical Aim (Basic6),5,Cleanse (Basic4),3,END,12,VIT,10,AGI,2,AGI,2,STR,0,STR,0,END,12,VIT,10,Tailoring,10,Alchemy,14,Leatherworking,8,Enchanting,12,water,2,water,2,water,2,Armorsmithing,4,Woodworking,6,Leatherworking,8,Woodworking,6,female,3,female,3,male,1,male,1,11,11,11,11,3,3,2,2,3,3,8,8,6,6,0,0,forest,2,arctic,14,mountains,10,swamp,8,7,7,7,7,8,8,6,6,9,9,6,6,0,0,5,5,2,2,1,1,3,3,7,7,8,8,0,0,0,0,2,2,6,6,6,6,8,8,8,8,3,3,7,7,2,2,7,7,8,8,4,4,4,4,2,2,4,4,0,0,2,2,2,2,338812766656856522756840479419876716491377724416976025355604980138188996,57106332863158809384580320201927098271164291217627804372133313354205188
2000000257954,dfkchain,0xd4e29818e3957e2d9a39b21fda603404836f0b3b,48134305,1748564236,2025-05-30T00:17:16.000Z,Gjavild Horsewhisper,1433,263,Shapeshifter,20,Paladin,16,Common,0,4,false,13,1,0,1,0,0,dark,14,gardening,2,Shapeshifter,20,Paladin,16,gardening,2,dark,14,AGI,2,INT,4,Critical Aim (Basic6),5,Daze (Advanced2),17,Clutch (Basic2),1,Fearless (Basic6),5,Tailoring,10,Woodworking,6,female,plains,8,1,2,4,7,3,5,1,5,16,1696848015,1743459304,2000000119939,2000000084731,1,1,0,9,6,6,8,13,9,7,9,150,50,25,0,0,0,0,0,0,0,0,0,0,0,0,6500,65,2700,27,4500,45,4500,45,8000,80,6500,65,5500,55,7000,70,2500,25,3500,35,4000,40,3000,30,4000,40,3000,30,2000,20,1150,11.5,1625,16.25,1000,10,875,8.75,2000,20,2000,20,1000,10,250,2.5,1000,10,1250,12.5,625,6.25,1000,10,875,8.75,Legionnaire,10,Priest,4,Wizard,5,Monk,6,Scholar,11,Legionnaire,10,gardening,2,gardening,2,foraging,6,Clutch (Basic2),1,Duelist (Basic1),0,Headstrong (Basic4),3,Duelist (Basic1),0,Fearless (Basic6),5,Duelist (Basic1),0,Headstrong (Basic4),3,Headstrong (Basic4),3,Critical Aim (Basic6),5,Heal (Basic3),2,Critical Aim (Basic6),5,Iron Skin (Basic5),4,Daze (Advanced2),17,Iron Skin (Basic5),4,Blinding Winds (Basic2),1,Poisoned Blade (Basic1),0,AGI,2,DEX,14,AGI,2,WIS,6,INT,4,WIS,6,VIT,10,STR,0,Tailoring,10,Enchanting,12,Tailoring,10,Blacksmithing,0,lightning,8,ice,10,ice,10,Woodworking,6,Leatherworking,8,Blacksmithing,0,Tailoring,10,female,3,female,3,male,1,male,1,7,7,8,8,5,5,7,7,3,3,3,3,1,1,5,5,plains,4,forest,2,island,6,arctic,14,8,8,2,2,7,7,8,8,1,1,8,8,2,2,1,1,5,5,3,3,7,7,3,3,2,2,8,8,8,8,0,0,4,4,2,2,12,12,8,8,5,5,9,9,2,2,2,2,1,1,7,7,8,8,4,4,16,16,18,18,0,0,5,5,283545044081646193488894882033384987199843332200540509519166591834849542,57106599274446283767818216365325697534966469228489460384732626679923280
1000000579669,kaia,0x971bdacd04ef40141ddb6ba175d4f76665103c81,186516940,,,Igla Winterfighter,1416,1350,Berserker,8,Priest,4,Common,0,1,true,10,1,364,1,0,0,water,2,foraging,6,Berserker,8,Priest,4,foraging,6,water,2,VIT,10,AGI,2,Critical Aim (Basic6),5,Critical Aim (Basic6),5,Headstrong (Basic4),3,Clutch (Basic2),1,Armorsmithing,4,Leatherworking,8,female,arctic,10,1,0,0,11,2,6,3,5,0,1720015957,1732723701,470,2000000034279,10,10,0,14,5,5,6,7,11,8,6,150,25,25,0,0,4,0,0,0,0,0,0.4,0,0,0,8000,80,2000,20,2000,20,4000,40,5700,57,6500,65,6000,60,6000,60,1500,15,4500,45,4000,40,4500,45,4000,40,1500,15,750,7.5,1750,17.5,2000,20,1000,10,1400,14,1250,12.5,1500,15,750,7.5,875,8.75,1000,10,625,6.25,375,3.75,875,8.75,1250,12.5,Wizard,5,Legionnaire,10,Thief,2,Legionnaire,10,Seer,9,Legionnaire,10,foraging,6,mining,0,fishing,4,Headstrong (Basic4),3,Headstrong (Basic4),3,Foresight (Basic3),2,Stalwart (Basic8),7,Clutch (Basic2),1,Foresight (Basic3),2,Chatterbox (Basic7),6,Chatterbox (Basic7),6,Critical Aim (Basic6),5,Critical Aim (Basic6),5,Poisoned Blade (Basic1),0,Cleanse (Basic4),3,Critical Aim (Basic6),5,Critical Aim (Basic6),5,Poisoned Blade (Basic1),0,Heal (Basic3),2,VIT,10,AGI,2,VIT,10,DEX,14,AGI,2,LCK,8,LCK,8,AGI,2,Armorsmithing,4,Enchanting,12,Enchanting,12,Alchemy,14,fire,0,dark,14,fire,0,Leatherworking,8,Armorsmithing,4,Woodworking,6,Enchanting,12,female,3,female,3,female,3,male,1,11,11,0,0,9,9,5,5,2,2,3,3,1,1,5,5,arctic,14,desert,0,island,6,forest,2,10,10,8,8,5,5,6,6,1,1,4,4,5,5,11,11,5,5,3,3,7,7,7,7,0,0,8,8,10,10,8,8,0,0,12,12,12,12,6,6,6,6,0,0,3,3,0,0,3,3,5,5,8,8,5,5,0,0,0,0,0,0,5,5,127965928747478967830108696866965613808687803236266491451581220532918408,60557373312619737128647131855214052331742454231146877640190960589766656
1000000575109,kaia,0xb3eadfcb689d2d5f154e1d9e8c11348b3f599185,186522770,,,Cupcake Vinebraider,1513,1105,Seer,9,Monk,6,Common,0,4,false,8,1,0,1,0,0,ice,10,fishing,4,Seer,9,Monk,6,fishing,4,ice,10,END,12,STR,0,Iron Skin (Basic5),4,Deathmark (Basic8),7,Fearless (Basic6),5,Duelist (Basic1),0,Woodworking,6,Goldsmithing,2,female,plains,7,9,0,10,9,5,11,8,1,5,1719365505,1719451905,1000000573451,2000000514437,0,5,5,6,10,13,6,8,6,8,6,100,75,25,0,0,0,0,0,0,0,0,0,0,0,0,3200,32,7000,70,8000,80,3500,35,5500,55,5000,50,5000,50,3000,30,3500,35,4000,40,2500,25,1500,15,3500,35,5000,50,1900,19,625,6.25,1250,12.5,750,7.5,1500,15,1500,15,1375,13.75,1500,15,625,6.25,875,8.75,1000,10,750,7.5,1000,10,750,7.5,Knight,1,Legionnaire,10,Priest,4,Summoner,18,Pirate,7,Legionnaire,10,mining,0,gardening,2,fishing,4,Fearless (Basic6),5,Stalwart (Basic8),7,Stalwart (Basic8),7,Clear Vision (Basic5),4,Duelist (Basic1),0,Stalwart (Basic8),7,Duelist (Basic1),0,Chatterbox (Basic7),6,Iron Skin (Basic5),4,Poisoned Blade (Basic1),0,Deathmark (Basic8),7,Deathmark (Basic8),7,Deathmark (Basic8),7,Speed (Basic7),6,Heal (Basic3),2,Heal (Basic3),2,END,12,WIS,6,INT,4,AGI,2,STR,0,AGI,2,DEX,14,INT,4,Woodworking,6,Enchanting,12,Alchemy,14,Woodworking,6,water,2,light,12,ice,10,Goldsmithing,2,Blacksmithing,0,Blacksmithing,0,Tailoring,10,female,3,male,1,male,1,female,3,9,9,2,2,10,10,9,9,5,5,6,6,2,2,6,6,plains,4,forest,2,plains,4,island,6,7,7,0,0,5,5,9,9,9,9,8,8,8,8,6,6,1,1,3,3,3,3,3,3,0,0,8,8,10,10,8,8,10,10,0,0,12,12,0,0,11,11,2,2,3,3,4,4,8,8,8,8,5,5,2,2,5,5,4,4,5,5,0,0,238179872843041222112836211667097251313322674120453525438944785830576130,167426814270974864449367345572054647708564030768365375578948489751565445
1000000576399,kaia,0xb3eadfcb689d2d5f154e1d9e8c11348b3f599185,186522770,,,Sadint Chaseman,1007,1820,Warrior,0,Pirate,7,Common,0,4,false,11,1,0,1,0,0,lightning,8,foraging,6,Warrior,0,Pirate,7,foraging,6,lightning,8,LCK,8,AGI,2,Heal (Basic3),2,Speed (Basic7),6,Clear Vision (Basic5),4,Foresight (Basic3),2,Goldsmithing,2,Goldsmithing,2,male,city,6,0,8,2,9,8,2,3,3,0,1719542565,1719628965,2000000345496,1000000570861,0,5,5,11,5,5,9,7,9,8,8,150,25,25,0,0,0,0,0,0,0,0,0,0,0,0,7500,75,2000,20,2000,20,3500,35,5200,52,6500,65,6500,65,7000,70,1500,15,4000,40,4500,45,5000,50,3500,35,1500,15,1750,17.5,500,5,500,5,1375,13.75,1650,16.5,1500,15,1375,13.75,1750,17.5,375,3.75,1125,11.25,1000,10,1125,11.25,1000,10,375,3.75,Warrior,0,Priest,4,Archer,3,Seer,9,Monk,6,Berserker,8,fishing,4,foraging,6,gardening,2,Clear Vision (Basic5),4,Clutch (Basic2),1,Clear Vision (Basic5),4,Clutch (Basic2),1,Foresight (Basic3),2,Last Stand (Elite2),25,Clear Vision (Basic5),4,Clear Vision (Basic5),4,Heal (Basic3),2,Deathmark (Basic8),7,Speed (Basic7),6,Critical Aim (Basic6),5,Speed (Basic7),6,Cleanse (Basic4),3,Cleanse (Basic4),3,Deathmark (Basic8),7,LCK,8,STR,0,WIS,6,DEX,14,AGI,2,WIS,6,WIS,6,VIT,10,Goldsmithing,2,Armorsmithing,4,Armorsmithing,4,Enchanting,12,earth,4,earth,4,fire,0,Goldsmithing,2,Enchanting,12,Enchanting,12,Leatherworking,8,male,1,male,1,male,1,male,1,9,9,7,7,9,9,4,4,8,8,5,5,2,2,2,2,city,12,desert,0,arctic,14,arctic,14,6,6,2,2,10,10,7,7,0,0,9,9,6,6,3,3,3,3,7,7,3,3,5,5,8,8,2,2,8,8,10,10,2,2,4,4,10,10,0,0,2,2,8,8,11,11,3,3,3,3,6,6,6,6,9,9,0,0,0,0,17,17,1,1,172544090266114890586955415318461286047883784467911471758861076474900866,56995238059667897087807250411304352846867309394079708006355994699416576
1000000572669,kaia,0xb3eadfcb689d2d5f154e1d9e8c11348b3f599185,186522770,,,Xuzax Runefallow,1353,96,Priest,4,Legionnaire,10,Common,0,4,false,6,1,0,1,0,0,earth,4,fishing,4,Priest,4,Legionnaire,10,fishing,4,earth,4,AGI,2,VIT,10,Poisoned Blade (Basic1),0,Blinding Winds (Basic2),1,Duelist (Basic1),0,Chatterbox (Basic7),6,Blacksmithing,0,Goldsmithing,2,male,city,0,9,8,8,19,6,1,8,19,16,1719073355,1719159755,2000000600761,2000000618591,0,0,0,5,10,13,7,8,6,7,6,110,65,25,0,0,0,0,0,0,0,0,0,0,0,0,3000,30,7000,70,8000,80,4000,40,4000,40,5200,52,6000,60,3000,30,3500,35,4000,40,2500,25,1500,15,3500,35,5000,50,1875,18.75,500,5,625,6.25,625,6.25,875,8.75,2275,22.75,2000,20,1625,16.25,375,3.75,875,8.75,1250,12.5,1250,12.5,875,8.75,375,3.75,Monk,6,Pirate,7,Pirate,7,Wizard,5,Monk,6,Seer,9,fishing,4,gardening,2,fishing,4,Duelist (Basic1),0,Clutch (Basic2),1,Chatterbox (Basic7),6,Foresight (Basic3),2,Chatterbox (Basic7),6,Headstrong (Basic4),3,Foresight (Basic3),2,Foresight (Basic3),2,Poisoned Blade (Basic1),0,Blinding Winds (Basic2),1,Cleanse (Basic4),3,Poisoned Blade (Basic1),0,Blinding Winds (Basic2),1,Deathmark (Basic8),7,Speed (Basic7),6,Speed (Basic7),6,AGI,2,END,12,WIS,6,WIS,6,VIT,10,INT,4,WIS,6,WIS,6,Blacksmithing,0,Blacksmithing,0,Tailoring,10,Goldsmithing,2,fire,0,ice,10,earth,4,Goldsmithing,2,Woodworking,6,Armorsmithing,4,Enchanting,12,male,1,female,3,male,1,male,1,19,19,3,3,7,7,10,10,6,6,10,10,0,0,0,0,city,12,desert,0,swamp,8,arctic,14,0,0,3,3,4,4,10,10,9,9,5,5,5,5,4,4,19,19,7,7,3,3,5,5,8,8,14,14,2,2,0,0,8,8,10,10,0,0,2,2,1,1,11,11,8,8,6,6,8,8,1,1,5,5,1,1,16,16,5,5,1,1,3,3,398906594925551182221065323563334209857122135452786664423610802023829698,57103390302480371400255314408493944253192676355396582678425171914753200
1000000576057,kaia,0xb3eadfcb689d2d5f154e1d9e8c11348b3f599185,186522770,,,Ashi Ivomutul,191,1511,Paladin,16,Knight,1,Rare,2,4,false,3,2,0,2,0,0,light,12,gardening,2,Paladin,16,Knight,1,gardening,2,light,12,INT,4,LCK,8,Iron Skin (Basic5),4,Explosion (Advanced3),18,Clear Vision (Basic5),4,Foresight (Basic3),2,Leatherworking,8,Woodworking,6,female,arctic,2,1,2,12,6,5,4,11,6,5,1719503428,1726083099,1000000575376,2000000579684,2,4,2,13,8,11,7,7,13,11,7,209,42,26,0,0,0,0,0,0,0,0,0,0,0,0,8000,80,3000,30,6500,65,4200,42,3500,35,8000,80,8000,80,4000,40,1000,10,4000,40,5000,50,2500,25,4000,40,3500,35,1750,17.5,500,5,625,6.25,1275,12.75,1125,11.25,1875,18.75,1875,18.75,1375,13.75,375,3.75,875,8.75,1250,12.5,1000,10,1000,10,500,5,Monk,6,Warrior,0,Monk,6,Priest,4,Scholar,11,Pirate,7,foraging,6,gardening,2,mining,0,Clear Vision (Basic5),4,Chatterbox (Basic7),6,Efficient (Advanced2),17,Stalwart (Basic8),7,Foresight (Basic3),2,Clutch (Basic2),1,Chatterbox (Basic7),6,Chatterbox (Basic7),6,Iron Skin (Basic5),4,Heal (Basic3),2,Deathmark (Basic8),7,Heal (Basic3),2,Explosion (Advanced3),18,Explosion (Advanced3),18,Cleanse (Basic4),3,Blinding Winds (Basic2),1,INT,4,INT,4,INT,4,END,12,LCK,8,WIS,6,WIS,6,INT,4,Leatherworking,8,Leatherworking,8,Woodworking,6,Armorsmithing,4,dark,14,dark,14,light,12,Woodworking,6,Alchemy,14,Armorsmithing,4,Tailoring,10,female,3,male,1,male,1,female,3,6,6,6,6,3,3,9,9,5,5,2,2,3,3,3,3,arctic,14,island,6,arctic,14,forest,2,2,2,10,10,2,2,3,3,1,1,6,6,11,11,10,10,6,6,6,6,3,3,7,7,2,2,2,2,2,2,6,6,12,12,2,2,10,10,6,6,4,4,3,3,5,5,8,8,11,11,7,7,5,5,9,9,5,5,1,1,7,7,3,3,331634690853489434522993182901435299910599457250896944707290258081124806,167426802953160941231259413938008720528886781484388253168888738927975461
1000000585469,kaia,0xb3eadfcb689d2d5f154e1d9e8c11348b3f599185,186522770,,,Cagrarn Barleyhell,1063,439,Paladin,16,Pirate,7,Common,0,4,false,0,1,0,1,0,0,light,12,foraging,6,Paladin,16,Pirate,7,foraging,6,light,12,VIT,10,LCK,8,Deathmark (Basic8),7,Speed (Basic7),6,Headstrong (Basic4),3,Clutch (Basic2),1,Leatherworking,8,Armorsmithing,4,male,island,5,20,4,8,3,1,5,8,3,5,1720974238,1725038318,2000000327011,1000000570872,2,2,0,10,6,10,7,6,12,10,6,160,40,25,0,0,0,0,0,0,0,0,0,0,0,0,8000,80,3000,30,6500,65,4200,42,3500,35,8000,80,8000,80,4000,40,1000,10,4000,40,5000,50,2500,25,4000,40,3500,35,1750,17.5,500,5,500,5,1775,17.75,1250,12.5,1500,15,1375,13.75,1750,17.5,375,3.75,1125,11.25,1000,10,1125,11.25,1000,10,375,3.75,Wizard,5,Pirate,7,Warrior,0,Knight,1,Monk,6,Monk,6,foraging,6,fishing,4,mining,0,Headstrong (Basic4),3,Clear Vision (Basic5),4,Stalwart (Basic8),7,Foresight (Basic3),2,Clutch (Basic2),1,Stalwart (Basic8),7,Clear Vision (Basic5),4,Clear Vision (Basic5),4,Deathmark (Basic8),7,Iron Skin (Basic5),4,Iron Skin (Basic5),4,Speed (Basic7),6,Speed (Basic7),6,Second Wind (Elite2),25,Critical Aim (Basic6),5,Deathmark (Basic8),7,VIT,10,END,12,LCK,8,AGI,2,LCK,8,WIS,6,AGI,2,AGI,2,Leatherworking,8,Enchanting,12,Blacksmithing,0,Blacksmithing,0,light,12,light,12,lightning,8,Armorsmithing,4,Enchanting,12,Armorsmithing,4,Armorsmithing,4,male,1,male,1,male,1,male,1,3,3,10,10,9,9,8,8,1,1,2,2,7,7,11,11,island,6,island,6,city,12,desert,0,5,5,4,4,10,10,7,7,20,20,10,10,6,6,0,0,3,3,1,1,7,7,4,4,4,4,8,8,8,8,2,2,8,8,10,10,8,8,0,0,5,5,4,4,9,9,7,7,8,8,8,8,0,0,3,3,5,5,6,6,0,0,1,1,12374941392801657632950265947297410886172191072111086564474666640085380,56995448829335297367378021135676937272053346412714973205017094241943749
1000000606072,kaia,0xb3eadfcb689d2d5f154e1d9e8c11348b3f599185,186522770,,,Khuthil Terratalon,887,755,Knight,1,Priest,4,Common,0,4,false,13,1,0,1,0,0,light,12,foraging,6,Knight,1,Priest,4,foraging,6,light,12,LCK,8,END,12,Iron Skin (Basic5),4,Deathmark (Basic8),7,Clear Vision (Basic5),4,Headstrong (Basic4),3,Leatherworking,8,Goldsmithing,2,male,mountains,20,6,4,8,10,10,4,8,18,5,1724075712,1724277312,2000000327011,1000000570872,0,0,0,10,5,6,9,6,10,10,6,140,35,25,0,0,0,0,0,0,0,0,0,0,0,0,7000,70,2000,20,2500,25,3500,35,4500,45,7500,75,7700,77,5500,55,1500,15,3500,35,5000,50,4000,40,4000,40,2000,20,750,7.5,1750,17.5,2000,20,1000,10,1000,10,1250,12.5,1900,19,750,7.5,875,8.75,1000,10,625,6.25,375,3.75,875,8.75,1250,12.5,Wizard,5,Scholar,11,Pirate,7,Knight,1,Monk,6,Seer,9,foraging,6,gardening,2,mining,0,Clear Vision (Basic5),4,Foresight (Basic3),2,Fearless (Basic6),5,Fearless (Basic6),5,Headstrong (Basic4),3,Chatterbox (Basic7),6,Clear Vision (Basic5),4,Clear Vision (Basic5),4,Iron Skin (Basic5),4,Blinding Winds (Basic2),1,Speed (Basic7),6,Blinding Winds (Basic2),1,Deathmark (Basic8),7,Critical Aim (Basic6),5,Critical Aim (Basic6),5,Blinding Winds (Basic2),1,LCK,8,INT,4,AGI,2,WIS,6,END,12,WIS,6,AGI,2,AGI,2,Leatherworking,8,Blacksmithing,0,Enchanting,12,Blacksmithing,0,light,12,light,12,light,12,Goldsmithing,2,Leatherworking,8,Enchanting,12,Armorsmithing,4,male,1,male,1,male,1,male,1,10,10,10,10,11,11,8,8,10,10,1,1,2,2,9,9,mountains,10,island,6,desert,0,city,12,20,20,2,2,10,10,7,7,6,6,20,20,10,10,10,10,18,18,4,4,7,7,2,2,4,4,2,2,0,0,8,8,8,8,10,10,10,10,8,8,4,4,8,8,9,9,7,7,8,8,11,11,4,4,8,8,5,5,1,1,6,6,1,1,405749366173476890084645459438219958970058648045877470829959115475923202,56995452131484663624002918859670018298637008680510919845344540675315749
1000000581764,kaia,0xb3eadfcb689d2d5f154e1d9e8c11348b3f599185,186522770,,,Cinnamae Grassshifter,969,1091,Paladin,16,Legionnaire,10,Common,0,4,false,5,1,0,1,0,0,earth,4,foraging,6,Paladin,16,Legionnaire,10,foraging,6,earth,4,VIT,10,LCK,8,Heal (Basic3),2,Hardened Shield (Advanced4),19,Chatterbox (Basic7),6,Foresight (Basic3),2,Leatherworking,8,Alchemy,14,female,plains,2,7,2,10,6,5,4,11,6,1,1720372913,1724836756,2000000579684,1000000575376,1,1,0,10,6,10,7,6,12,10,6,160,40,25,0,0,0,0,0,0,0,0,0,0,0,0,8000,80,3000,30,6500,65,4200,42,3500,35,8000,80,8000,80,4000,40,1000,10,4000,40,5000,50,2500,25,4000,40,3500,35,1875,18.75,500,5,625,6.25,1025,10.25,875,8.75,1875,18.75,2000,20,1625,16.25,375,3.75,875,8.75,1250,12.5,1250,12.5,875,8.75,375,3.75,Archer,3,Wizard,5,Warrior,0,Monk,6,Scholar,11,Pirate,7,fishing,4,foraging,6,foraging,6,Chatterbox (Basic7),6,Duelist (Basic1),0,Clear Vision (Basic5),4,Stalwart (Basic8),7,Foresight (Basic3),2,Duelist (Basic1),0,Chatterbox (Basic7),6,Foresight (Basic3),2,Heal (Basic3),2,Heal (Basic3),2,Cleanse (Basic4),3,Heal (Basic3),2,Hardened Shield (Advanced4),19,Cleanse (Basic4),3,Speed (Basic7),6,Deathmark (Basic8),7,VIT,10,DEX,14,INT,4,DEX,14,LCK,8,WIS,6,WIS,6,LCK,8,Leatherworking,8,Leatherworking,8,Woodworking,6,Armorsmithing,4,wind,6,earth,4,dark,14,Alchemy,14,Woodworking,6,Alchemy,14,Tailoring,10,female,3,male,1,male,1,female,3,6,6,6,6,0,0,6,6,5,5,9,9,3,3,3,3,plains,4,desert,0,forest,2,arctic,14,2,2,2,2,0,0,1,1,7,7,6,6,4,4,11,11,6,6,4,4,3,3,3,3,2,2,2,2,2,2,10,10,10,10,0,0,6,6,6,6,4,4,3,3,9,9,6,6,11,11,5,5,7,7,4,4,1,1,2,2,5,5,7,7,8816289578641636868124751928568472260967152453583979637432668622502094,167426640048210110267293972374483658332920459272721493045250140767753281
1000000735786,kaia,0xb3eadfcb689d2d5f154e1d9e8c11348b3f599185,186522770,,,Laabral Brookmuse,861,1267,Paladin,16,Berserker,8,Legendary,3,5,false,2,1,0,1,0,0,dark,14,fishing,4,Paladin,16,Berserker,8,fishing,4,dark,14,DEX,14,WIS,6,Exhaust (Advanced1),16,Blinding Winds (Basic2),1,Clutch (Basic2),1,Efficient (Advanced2),17,Enchanting,12,Woodworking,6,male,city,1,10,12,0,4,18,2,8,6,5,1748371274,1748601674,1000000650416,1000000570870,0,4,4,13,7,11,8,6,11,10,8,160,40,25,0,0,0,0,0,0,0,0,0,0,0,0,8000,80,3000,30,6700,67,4000,40,3500,35,8000,80,8000,80,4000,40,1000,10,4000,40,5000,50,2500,25,4000,40,3500,35,2000,20,500,5,900,9,1000,10,1375,13.75,1625,16.25,1500,15,1500,15,375,3.75,1125,11.25,1000,10,1125,11.25,1000,10,375,3.75,Wizard,5,Knight,1,Pirate,7,Knight,1,Knight,1,Monk,6,fishing,4,gardening,2,foraging,6,Clutch (Basic2),1,Fearless (Basic6),5,Clear Vision (Basic5),4,Stalwart (Basic8),7,Efficient (Advanced2),17,Headstrong (Basic4),3,Fearless (Basic6),5,Clear Vision (Basic5),4,Exhaust (Advanced1),16,Deathmark (Basic8),7,Cleanse (Basic4),3,Speed (Basic7),6,Blinding Winds (Basic2),1,Cleanse (Basic4),3,Deathmark (Basic8),7,Critical Aim (Basic6),5,DEX,14,END,12,VIT,10,LCK,8,WIS,6,STR,0,DEX,14,LCK,8,Enchanting,12,Leatherworking,8,Leatherworking,8,Tailoring,10,earth,4,wind,6,fire,0,Woodworking,6,Alchemy,14,Tailoring,10,Enchanting,12,male,1,female,3,female,3,female,3,4,4,5,5,11,11,7,7,18,18,7,7,2,2,2,2,city,12,forest,2,island,6,arctic,14,1,1,0,0,7,7,1,1,10,10,6,6,8,8,9,9,6,6,0,0,3,3,2,2,12,12,12,12,6,6,4,4,0,0,6,6,12,12,2,2,2,2,2,2,10,10,1,1,8,8,8,8,2,2,2,2,5,5,4,4,4,4,6,6,388520109067269596909104951680384677812699221022152690777809537747790278,170982053716948807956771852732149700529722260474387427508429426348200069
1000000572867,kaia,0xb3eadfcb689d2d5f154e1d9e8c11348b3f599185,186522770,,,Rúish Hillleaf,1397,1308,Pirate,7,Ninja,19,Uncommon,1,5,false,4,1,0,1,0,0,water,2,gardening,2,Pirate,7,Ninja,19,gardening,2,water,2,DEX,14,STR,0,Iron Skin (Basic5),4,Blinding Winds (Basic2),1,Clear Vision (Basic5),4,Fearless (Basic6),5,Blacksmithing,0,Blacksmithing,0,female,mountains,11,7,8,4,10,1,10,3,6,4,1719092392,1719178792,2000000608687,2000000405271,0,2,2,9,6,5,10,7,8,7,12,145,30,25,0,0,0,0,0,0,0,0,0,0,0,0,7200,72,2000,20,2000,20,5500,55,5000,50,6000,60,5500,55,7000,70,1500,15,4500,45,4000,40,4500,45,4000,40,1500,15,1650,16.5,1250,12.5,1000,10,1500,15,2125,21.25,1250,12.5,1000,10,1875,18.75,625,6.25,1250,12.5,625,6.25,625,6.25,1250,12.5,625,6.25,Priest,4,Monk,6,Wizard,5,Warrior,0,Monk,6,Priest,4,gardening,2,foraging,6,mining,0,Clear Vision (Basic5),4,Headstrong (Basic4),3,Clear Vision (Basic5),4,Fearless (Basic6),5,Fearless (Basic6),5,Clear Vision (Basic5),4,Duelist (Basic1),0,Stalwart (Basic8),7,Iron Skin (Basic5),4,Deathmark (Basic8),7,Deathmark (Basic8),7,Iron Skin (Basic5),4,Blinding Winds (Basic2),1,Poisoned Blade (Basic1),0,Speed (Basic7),6,Blinding Winds (Basic2),1,DEX,14,AGI,2,VIT,10,STR,0,STR,0,STR,0,WIS,6,AGI,2,Blacksmithing,0,Goldsmithing,2,Alchemy,14,Tailoring,10,wind,6,lightning,8,lightning,8,Blacksmithing,0,Enchanting,12,Armorsmithing,4,Goldsmithing,2,female,3,female,3,male,1,male,1,10,10,1,1,7,7,3,3,1,1,8,8,10,10,5,5,mountains,10,city,12,mountains,10,forest,2,11,11,7,7,4,4,9,9,7,7,11,11,1,1,11,11,6,6,4,4,6,6,7,7,8,8,8,8,2,2,8,8,4,4,10,10,6,6,8,8,10,10,4,4,9,9,4,4,3,3,11,11,1,1,0,0,4,4,0,0,6,6,4,4,286650168469964501627234321414849201137540188787630084220061290592276864,57106391585753118559597104819968521095566501099587673486260911538837508
2000000405271,kaia,0xb3eadfcb689d2d5f154e1d9e8c11348b3f599185,186522773,,,Dreth Thicketh,1144,1928,Monk,6,Summoner,18,Uncommon,1,4,false,4,1,0,1,0,0,ice,10,gardening,2,Monk,6,Summoner,18,gardening,2,ice,10,DEX,14,STR,0,Exhaust (Advanced1),16,Blinding Winds (Basic2),1,Clear Vision (Basic5),4,Fearless (Basic6),5,Blacksmithing,0,Goldsmithing,2,male,city,3,7,12,4,10,4,1,1,6,5,1707262891,1720632199,2000000392118,2000000269679,5,5,0,8,6,8,7,9,8,8,10,135,40,25,0,0,0,0,0,0,0,0,0,0,0,0,6200,62,2500,25,5000,50,3000,30,6000,60,6000,60,5500,55,6000,60,2500,25,3500,35,4000,40,3000,30,4000,40,3000,30,1525,15.25,2125,21.25,2125,21.25,1000,10,1250,12.5,1250,12.5,1250,12.5,1125,11.25,1000,10,1000,10,500,5,375,3.75,875,8.75,1250,12.5,Thief,2,Priest,4,Wizard,5,Priest,4,Monk,6,Pirate,7,gardening,2,foraging,6,mining,0,Clear Vision (Basic5),4,Clear Vision (Basic5),4,Headstrong (Basic4),3,Chatterbox (Basic7),6,Fearless (Basic6),5,Clear Vision (Basic5),4,Clear Vision (Basic5),4,Stalwart (Basic8),7,Exhaust (Advanced1),16,Heal (Basic3),2,Iron Skin (Basic5),4,Iron Skin (Basic5),4,Blinding Winds (Basic2),1,Speed (Basic7),6,Cleanse (Basic4),3,Poisoned Blade (Basic1),0,DEX,14,LCK,8,STR,0,DEX,14,STR,0,DEX,14,STR,0,DEX,14,Blacksmithing,0,Goldsmithing,2,Tailoring,10,Leatherworking,8,water,2,earth,4,lightning,8,Goldsmithing,2,Enchanting,12,Tailoring,10,Goldsmithing,2,male,1,female,3,male,1,male,1,10,10,9,9,7,7,3,3,4,4,8,8,4,4,10,10,city,12,city,12,mountains,10,city,12,3,3,4,4,4,4,10,10,7,7,6,6,0,0,2,2,6,6,6,6,4,4,7,7,12,12,8,8,14,14,8,8,4,4,10,10,4,4,0,0,1,1,4,4,9,9,4,4,1,1,1,1,7,7,6,6,5,5,0,0,6,6,7,7,283089928685752554762463602342603644188023832167078760395609250669341058,57103022004037537553131116839341865996836561728127669199427085274421253
1000000653727,kaia,0xb3eadfcb689d2d5f154e1d9e8c11348b3f599185,186522773,,,Iphione Swiftwing,843,112,Priest,4,Scholar,11,Common,0,4,false,7,1,0,1,0,0,fire,0,fishing,4,Priest,4,Scholar,11,fishing,4,fire,0,WIS,6,LCK,8,Poisoned Blade (Basic1),0,Daze (Advanced2),17,Fearless (Basic6),5,Chatterbox (Basic7),6,Goldsmithing,2,Leatherworking,8,female,island,0,0,6,2,0,8,1,19,7,5,1730286951,1730488551,1000000643797,1000000646349,0,3,3,5,10,15,7,6,6,11,6,110,65,25,0,0,0,0,0,0,0,0,0,0,0,0,3000,30,7000,70,8000,80,4200,42,4000,40,5000,50,6300,63,3000,30,3500,35,4000,40,2500,25,1500,15,3500,35,5000,50,750,7.5,2000,20,1750,17.5,1650,16.5,750,7.5,1375,13.75,1875,18.75,750,7.5,875,8.75,1000,10,625,6.25,375,3.75,875,8.75,1250,12.5,Bard,21,Thief,2,Priest,4,Thief,2,Knight,1,Knight,1,gardening,2,gardening,2,fishing,4,Fearless (Basic6),5,Headstrong (Basic4),3,Headstrong (Basic4),3,Clutch (Basic2),1,Chatterbox (Basic7),6,Duelist (Basic1),0,Chatterbox (Basic7),6,Chatterbox (Basic7),6,Poisoned Blade (Basic1),0,Blinding Winds (Basic2),1,Iron Skin (Basic5),4,Speed (Basic7),6,Daze (Advanced2),17,Deathmark (Basic8),7,Heal (Basic3),2,Speed (Basic7),6,WIS,6,WIS,6,WIS,6,LCK,8,LCK,8,DEX,14,END,12,VIT,10,Goldsmithing,2,Enchanting,12,Alchemy,14,Woodworking,6,dark,14,water,2,fire,0,Leatherworking,8,Tailoring,10,Blacksmithing,0,Woodworking,6,female,3,female,3,male,1,male,1,0,0,8,8,1,1,0,0,8,8,6,6,11,11,4,4,island,6,plains,4,mountains,10,arctic,14,0,0,2,2,3,3,11,11,0,0,4,4,7,7,5,5,7,7,4,4,5,5,1,1,6,6,0,0,8,8,14,14,2,2,6,6,8,8,4,4,1,1,18,18,5,5,0,0,19,19,11,11,6,6,10,10,5,5,0,0,6,6,6,6,225445868439755292610802867647309860618386342624047727979407907481649480,57106224088124278951615574924521370121654016283632772697012058509744133
1000000643565,kaia,0xb3eadfcb689d2d5f154e1d9e8c11348b3f599185,186522773,,,Zamolt Stormsnow,1236,981,Legionnaire,10,Warrior,0,Common,0,4,true,7,1,0,1,0,0,wind,6,gardening,2,Legionnaire,10,Warrior,0,gardening,2,wind,6,INT,4,VIT,10,Blinding Winds (Basic2),1,Deathmark (Basic8),7,Stalwart (Basic8),7,Headstrong (Basic4),3,Goldsmithing,2,Tailoring,10,male,desert,1,8,12,14,1,6,8,7,2,1,1729439018,1729640618,1000000411764,2000000377490,0,3,3,10,7,5,6,5,10,11,8,150,25,25,0,0,0,0,0,0,0,0,0,0,0,0,7500,75,2000,20,2500,25,2500,25,3500,35,7700,77,8000,80,6500,65,1500,15,3500,35,5000,50,5000,50,3500,35,1500,15,1875,18.75,500,5,500,5,875,8.75,1250,12.5,2025,20.25,1625,16.25,1750,17.5,375,3.75,1000,10,1125,11.25,1250,12.5,875,8.75,375,3.75,Seer,9,Monk,6,Warrior,0,Archer,3,Knight,1,Warrior,0,fishing,4,fishing,4,gardening,2,Stalwart (Basic8),7,Toxic (Advanced4),19,Duelist (Basic1),0,Stalwart (Basic8),7,Headstrong (Basic4),3,Efficient (Advanced2),17,Clear Vision (Basic5),4,Foresight (Basic3),2,Blinding Winds (Basic2),1,Critical Aim (Basic6),5,Blinding Winds (Basic2),1,Iron Skin (Basic5),4,Deathmark (Basic8),7,Deathmark (Basic8),7,Poisoned Blade (Basic1),0,Critical Aim (Basic6),5,INT,4,DEX,14,END,12,STR,0,VIT,10,END,12,END,12,STR,0,Goldsmithing,2,Alchemy,14,Goldsmithing,2,Enchanting,12,earth,4,fire,0,lightning,8,Tailoring,10,Alchemy,14,Blacksmithing,0,Leatherworking,8,male,1,female,3,male,1,male,1,1,1,6,6,0,0,2,2,6,6,7,7,6,6,3,3,desert,0,plains,4,desert,0,mountains,10,1,1,10,10,8,8,1,1,8,8,9,9,6,6,10,10,2,2,7,7,5,5,2,2,12,12,12,12,2,2,14,14,14,14,4,4,4,4,6,6,8,8,3,3,1,1,8,8,7,7,0,0,3,3,5,5,1,1,4,4,6,6,2,2,10854750326739046207451122581742940683027841593587329115423421797499338,57102957660282882146582471522221273378300525695445031358336975393331329
1000000568841,kaia,0xb3eadfcb689d2d5f154e1d9e8c11348b3f599185,186522773,,,Cegrarn Brightshifter,1054,1107,Bard,21,Thief,2,Uncommon,1,4,false,8,1,0,1,0,0,fire,0,foraging,6,Bard,21,Thief,2,foraging,6,fire,0,DEX,14,AGI,2,Poisoned Blade (Basic1),0,Poisoned Blade (Basic1),0,Headstrong (Basic4),3,Toxic (Advanced4),19,Armorsmithing,4,Tailoring,10,male,swamp,3,7,8,8,1,7,18,11,1,3,1718562604,1748573484,1000000562661,2000000468458,1,5,4,5,8,10,10,10,7,6,13,125,75,25,0,0,0,0,0,0,0,0,0,0,0,0,5000,50,5000,50,6000,60,6500,65,6700,67,5000,50,4000,40,7000,70,3500,35,4000,40,2500,25,2000,20,4000,40,4000,40,1375,13.75,625,6.25,875,8.75,1625,16.25,2150,21.5,1250,12.5,1125,11.25,1375,13.75,625,6.25,1250,12.5,625,6.25,750,7.5,1000,10,750,7.5,Berserker,8,Thief,2,Pirate,7,Thief,2,Archer,3,Seer,9,fishing,4,fishing,4,foraging,6,Headstrong (Basic4),3,Foresight (Basic3),2,Duelist (Basic1),0,Headstrong (Basic4),3,Toxic (Advanced4),19,Foresight (Basic3),2,Clutch (Basic2),1,Headstrong (Basic4),3,Poisoned Blade (Basic1),0,Deathmark (Basic8),7,Critical Aim (Basic6),5,Heal (Basic3),2,Poisoned Blade (Basic1),0,Exhaust (Advanced1),16,Critical Aim (Basic6),5,Iron Skin (Basic5),4,DEX,14,INT,4,DEX,14,WIS,6,AGI,2,LCK,8,LCK,8,INT,4,Armorsmithing,4,Tailoring,10,Woodworking,6,Enchanting,12,water,2,earth,4,earth,4,Tailoring,10,Goldsmithing,2,Tailoring,10,Leatherworking,8,male,1,female,3,female,3,male,1,1,1,21,21,0,0,0,0,7,7,0,0,10,10,4,4,swamp,8,mountains,10,mountains,10,desert,0,3,3,6,6,6,6,3,3,7,7,1,1,6,6,6,6,1,1,3,3,1,1,7,7,8,8,2,2,14,14,12,12,8,8,8,8,8,8,6,6,18,18,10,10,4,4,11,11,11,11,5,5,5,5,0,0,3,3,5,5,4,4,4,4,390415891618533774316766443710366336419012644086600754857827802970073162,60553726292772908432894659715841386530298165593299041220858258536927395
1000000653721,kaia,0xb3eadfcb689d2d5f154e1d9e8c11348b3f599185,186522773,,,Sprinkle Sagesprinter,1614,944,Monk,6,Priest,4,Uncommon,1,4,false,12,1,0,1,0,0,earth,4,fishing,4,Monk,6,Priest,4,fishing,4,earth,4,VIT,10,DEX,14,Deathmark (Basic8),7,Cleanse (Basic4),3,Clutch (Basic2),1,Toxic (Advanced4),19,Enchanting,12,Alchemy,14,female,forest,11,6,14,0,3,4,1,3,0,0,1730286646,1730488246,2000000642626,2000000246569,0,1,1,8,6,9,6,13,10,8,8,135,40,25,0,0,0,0,0,0,0,0,0,0,0,0,6000,60,2500,25,5000,50,3000,30,6300,63,6000,60,5500,55,6200,62,2500,25,3500,35,4000,40,3000,30,4000,40,3000,30,750,7.5,1750,17.5,2000,20,1000,10,1500,15,1250,12.5,1500,15,1150,11.5,875,8.75,1000,10,625,6.25,375,3.75,875,8.75,1250,12.5,Warrior,0,Knight,1,Warrior,0,Priest,4,Pirate,7,Monk,6,foraging,6,foraging,6,fishing,4,Clutch (Basic2),1,Leadership (Advanced1),16,Clutch (Basic2),1,Fearless (Basic6),5,Toxic (Advanced4),19,Toxic (Advanced4),19,Foresight (Basic3),2,Duelist (Basic1),0,Deathmark (Basic8),7,Speed (Basic7),6,Blinding Winds (Basic2),1,Blinding Winds (Basic2),1,Cleanse (Basic4),3,Critical Aim (Basic6),5,Iron Skin (Basic5),4,Speed (Basic7),6,VIT,10,END,12,INT,4,AGI,2,DEX,14,END,12,STR,0,DEX,14,Enchanting,12,Enchanting,12,Armorsmithing,4,Enchanting,12,earth,4,water,2,lightning,8,Alchemy,14,Leatherworking,8,Woodworking,6,Goldsmithing,2,female,3,male,1,male,1,female,3,3,3,9,9,6,6,4,4,4,4,4,4,6,6,11,11,forest,2,mountains,10,desert,0,plains,4,11,11,0,0,3,3,2,2,6,6,1,1,4,4,7,7,0,0,2,2,7,7,4,4,14,14,14,14,0,0,8,8,0,0,12,12,4,4,10,10,1,1,5,5,5,5,10,10,3,3,8,8,7,7,6,6,0,0,1,1,7,7,3,3,1735874234431134717931017831761702834637450458980596621859035459688718,167426544758797218877580626706688980537842629850069244178243248018529312
1000000653722,kaia,0xb3eadfcb689d2d5f154e1d9e8c11348b3f599185,186522773,,,Olthus Mildsky,1879,200,Monk,6,Seer,9,Common,0,4,false,2,1,0,1,0,0,ice,10,gardening,2,Monk,6,Seer,9,gardening,2,ice,10,END,12,STR,0,Critical Aim (Basic6),5,Speed (Basic7),6,Menacing (Advanced3),18,Clutch (Basic2),1,Alchemy,14,Blacksmithing,0,male,mountains,7,3,14,6,6,7,11,11,1,18,1730286679,1730488279,2000000791471,2000000383843,0,2,2,8,10,8,6,8,8,10,8,135,40,25,0,0,0,0,0,0,0,0,0,0,0,0,6200,62,2800,28,5000,50,3000,30,6000,60,6000,60,5500,55,6000,60,2500,25,3500,35,4000,40,3000,30,4000,40,3000,30,1150,11.5,2250,22.5,2000,20,875,8.75,1375,13.75,1250,12.5,1250,12.5,750,7.5,875,8.75,1000,10,625,6.25,375,3.75,875,8.75,1250,12.5,Summoner,18,Warrior,0,Berserker,8,Seer,9,Warrior,0,Pirate,7,foraging,6,gardening,2,fishing,4,Menacing (Advanced3),18,Stalwart (Basic8),7,Clutch (Basic2),1,Clutch (Basic2),1,Clutch (Basic2),1,Efficient (Advanced2),17,Foresight (Basic3),2,Fearless (Basic6),5,Critical Aim (Basic6),5,Critical Aim (Basic6),5,Heal (Basic3),2,Iron Skin (Basic5),4,Speed (Basic7),6,Poisoned Blade (Basic1),0,Heal (Basic3),2,Speed (Basic7),6,END,12,STR,0,VIT,10,WIS,6,STR,0,INT,4,AGI,2,DEX,14,Alchemy,14,Goldsmithing,2,Enchanting,12,Armorsmithing,4,earth,4,ice,10,light,12,Blacksmithing,0,Blacksmithing,0,Armorsmithing,4,Enchanting,12,male,1,male,1,female,3,female,3,6,6,9,9,0,0,1,1,7,7,6,6,2,2,4,4,mountains,10,island,6,island,6,swamp,8,7,7,3,3,9,9,4,4,3,3,8,8,11,11,9,9,1,1,0,0,3,3,6,6,14,14,10,10,6,6,8,8,6,6,8,8,0,0,8,8,11,11,2,2,7,7,4,4,11,11,0,0,7,7,5,5,18,18,0,0,6,6,3,3,442692803325099429173704916214685254983887188678848176015728451489501184,170873880101857382389734667998907926061826287469584036637286069697615890
1000000724908,kaia,0xb3eadfcb689d2d5f154e1d9e8c11348b3f599185,186522773,,,Morna Snowwhisper,1848,119,Seer,9,Archer,3,Mythic,4,4,false,0,1,0,1,0,0,light,12,fishing,4,Seer,9,Archer,3,fishing,4,light,12,AGI,2,LCK,8,Critical Aim (Basic6),5,Deathmark (Basic8),7,Leadership (Advanced1),16,Headstrong (Basic4),3,Armorsmithing,4,Tailoring,10,female,island,2,1,4,0,6,6,3,4,5,3,1745114765,1745316365,1000000498668,1000000724176,0,1,1,6,11,17,8,18,6,6,7,100,75,25,0,0,0,0,0,0,0,0,0,0,0,0,3000,30,7000,70,8100,81,3700,37,6000,60,5000,50,5000,50,3000,30,3500,35,4000,40,2500,25,1500,15,3500,35,5000,50,1375,13.75,1000,10,825,8.25,1400,14,2550,25.5,1250,12.5,1500,15,2000,20,625,6.25,1250,12.5,625,6.25,750,7.5,1000,10,750,7.5,Monk,6,Priest,4,Pirate,7,Pirate,7,Priest,4,Thief,2,fishing,4,foraging,6,gardening,2,Leadership (Advanced1),16,Leadership (Advanced1),16,Headstrong (Basic4),3,Stalwart (Basic8),7,Headstrong (Basic4),3,Clutch (Basic2),1,Clear Vision (Basic5),4,Fearless (Basic6),5,Critical Aim (Basic6),5,Poisoned Blade (Basic1),0,Speed (Basic7),6,Heal (Basic3),2,Deathmark (Basic8),7,Cleanse (Basic4),3,Speed (Basic7),6,Iron Skin (Basic5),4,AGI,2,LCK,8,STR,0,INT,4,LCK,8,LCK,8,END,12,AGI,2,Armorsmithing,4,Leatherworking,8,Alchemy,14,Goldsmithing,2,light,12,water,2,dark,14,Tailoring,10,Woodworking,6,Leatherworking,8,Armorsmithing,4,female,3,male,1,male,1,female,3,6,6,9,9,0,0,1,1,6,6,11,11,3,3,6,6,island,6,island,6,city,12,desert,0,2,2,10,10,9,9,6,6,1,1,0,0,0,0,0,0,5,5,1,1,7,7,1,1,4,4,14,14,4,4,14,14,0,0,14,14,4,4,12,12,3,3,3,3,3,3,11,11,4,4,1,1,2,2,5,5,3,3,3,3,5,5,3,3,393738338356263101595278948399751581431621168145517559383055659660615882,167426376921897740521832481168822092905129477549915687302215703589917795
1000000665962,kaia,0xb3eadfcb689d2d5f154e1d9e8c11348b3f599185,186522773,,,Laurel Wyvernswallow,163,150,Priest,4,Monk,6,Common,0,4,false,9,1,0,1,0,0,lightning,8,gardening,2,Priest,4,Monk,6,gardening,2,lightning,8,STR,0,VIT,10,Poisoned Blade (Basic1),0,Deathmark (Basic8),7,Menacing (Advanced3),18,Headstrong (Basic4),3,Enchanting,12,Tailoring,10,female,swamp,2,8,2,2,11,8,1,0,1,5,1730748607,1730950207,1000000643797,1000000646349,0,2,2,7,14,13,7,6,6,7,6,110,65,25,0,0,0,0,0,0,0,0,0,0,0,0,3000,30,7300,73,8000,80,4000,40,4000,40,5200,52,6000,60,3000,30,3500,35,4000,40,2500,25,1500,15,3500,35,5000,50,1500,15,1125,11.25,1250,12.5,750,7.5,1500,15,1900,19,1375,13.75,1500,15,625,6.25,875,8.75,1000,10,750,7.5,1000,10,750,7.5,Bard,21,Priest,4,Knight,1,Knight,1,Berserker,8,Seer,9,gardening,2,fishing,4,fishing,4,Menacing (Advanced3),18,Headstrong (Basic4),3,Clutch (Basic2),1,Fearless (Basic6),5,Headstrong (Basic4),3,Chatterbox (Basic7),6,Chatterbox (Basic7),6,Clutch (Basic2),1,Poisoned Blade (Basic1),0,Blinding Winds (Basic2),1,Speed (Basic7),6,Deathmark (Basic8),7,Deathmark (Basic8),7,Poisoned Blade (Basic1),0,Heal (Basic3),2,Heal (Basic3),2,STR,0,INT,4,WIS,6,WIS,6,VIT,10,LCK,8,VIT,10,VIT,10,Enchanting,12,Goldsmithing,2,Alchemy,14,Woodworking,6,fire,0,water,2,earth,4,Tailoring,10,Armorsmithing,4,Leatherworking,8,Blacksmithing,0,female,3,female,3,male,1,male,1,11,11,1,1,8,8,4,4,8,8,11,11,3,3,4,4,swamp,8,plains,4,mountains,10,city,12,2,2,0,0,3,3,7,7,8,8,4,4,5,5,1,1,1,1,5,5,4,4,1,1,2,2,6,6,10,10,8,8,2,2,14,14,4,4,8,8,1,1,7,7,5,5,5,5,0,0,19,19,6,6,11,11,5,5,5,5,6,6,4,4,63255261998422047120156721734357096626124560374364278196307770115891338,57106445888949404787303871260472373405010989369214214635735053810931877
1000000492313,kaia,0xb3eadfcb689d2d5f154e1d9e8c11348b3f599185,186522773,,,Hestolis Gloombane,329,425,Seer,9,Wizard,5,Common,0,4,false,8,1,0,1,0,0,ice,10,foraging,6,Seer,9,Wizard,5,foraging,6,ice,10,INT,4,INT,4,Explosion (Advanced3),18,Deathmark (Basic8),7,Stalwart (Basic8),7,Fearless (Basic6),5,Armorsmithing,4,Leatherworking,8,female,swamp,5,11,6,4,6,4,1,3,4,6,1708634368,1708720768,2000000401416,1000000488436,0,2,2,5,12,13,6,8,6,6,6,100,75,25,0,0,0,0,0,0,0,0,0,0,0,0,3000,30,7200,72,8000,80,3500,35,5500,55,5000,50,5000,50,3000,30,3500,35,4000,40,2500,25,1500,15,3500,35,5000,50,750,7.5,2400,24,2000,20,1000,10,1000,10,1250,12.5,1250,12.5,750,7.5,875,8.75,1000,10,625,6.25,375,3.75,875,8.75,1250,12.5,Summoner,18,Scholar,11,Berserker,8,Warrior,0,Archer,3,Priest,4,mining,0,mining,0,foraging,6,Stalwart (Basic8),7,Clear Vision (Basic5),4,Fearless (Basic6),5,Stalwart (Basic8),7,Fearless (Basic6),5,Clutch (Basic2),1,Foresight (Basic3),2,Duelist (Basic1),0,Explosion (Advanced3),18,Heal (Basic3),2,Iron Skin (Basic5),4,Cleanse (Basic4),3,Deathmark (Basic8),7,Iron Skin (Basic5),4,Poisoned Blade (Basic1),0,Deathmark (Basic8),7,INT,4,DEX,14,STR,0,WIS,6,INT,4,DEX,14,STR,0,DEX,14,Armorsmithing,4,Alchemy,14,Blacksmithing,0,Alchemy,14,ice,10,fire,0,wind,6,Leatherworking,8,Goldsmithing,2,Tailoring,10,Leatherworking,8,female,3,female,3,female,3,male,1,6,6,3,3,2,2,5,5,4,4,8,8,2,2,0,0,swamp,8,forest,2,swamp,8,island,6,5,5,5,5,4,4,7,7,11,11,6,6,3,3,4,4,4,4,0,0,2,2,3,3,6,6,4,4,4,4,12,12,4,4,8,8,0,0,0,0,1,1,11,11,4,4,5,5,3,3,2,2,11,11,4,4,6,6,4,4,6,6,3,3,461677507267720837799234339671569761233609107631506884621853123355617352,60557361940069931572708860718433397845951180608227346264367842246891654
1000000641647,kaia,0xb3eadfcb689d2d5f154e1d9e8c11348b3f599185,186522773,,,Albert Barner,650,1859,Seer,9,Berserker,8,Common,0,4,false,11,1,0,1,0,0,earth,4,foraging,6,Seer,9,Berserker,8,foraging,6,earth,4,LCK,8,END,12,Heal (Basic3),2,Deathmark (Basic8),7,Foresight (Basic3),2,Efficient (Advanced2),17,Woodworking,6,Alchemy,14,male,forest,10,9,6,0,9,11,6,8,4,3,1729125358,1729326958,1000000488453,2000000565743,0,2,2,6,10,13,8,8,6,6,6,100,75,25,0,0,0,0,0,0,0,0,0,0,0,0,3000,30,7000,70,8000,80,3500,35,5500,55,5000,50,5200,52,3000,30,3500,35,4000,40,2500,25,1500,15,3500,35,5000,50,2000,20,500,5,500,5,1000,10,1375,13.75,1625,16.25,1900,19,1500,15,375,3.75,1125,11.25,1000,10,1125,11.25,1000,10,375,3.75,Archer,3,Archer,3,Thief,2,Priest,4,Warrior,0,Legionnaire,10,mining,0,mining,0,fishing,4,Foresight (Basic3),2,Chatterbox (Basic7),6,Duelist (Basic1),0,Clear Vision (Basic5),4,Efficient (Advanced2),17,Headstrong (Basic4),3,Headstrong (Basic4),3,Clear Vision (Basic5),4,Heal (Basic3),2,Blinding Winds (Basic2),1,Poisoned Blade (Basic1),0,Cleanse (Basic4),3,Deathmark (Basic8),7,Explosion (Advanced3),18,Iron Skin (Basic5),4,Critical Aim (Basic6),5,LCK,8,END,12,DEX,14,AGI,2,END,12,DEX,14,VIT,10,LCK,8,Woodworking,6,Enchanting,12,Blacksmithing,0,Enchanting,12,wind,6,lightning,8,wind,6,Alchemy,14,Woodworking,6,Goldsmithing,2,Leatherworking,8,male,1,female,3,female,3,male,1,9,9,4,4,9,9,10,10,11,11,7,7,7,7,6,6,forest,2,city,12,city,12,desert,0,10,10,5,5,2,2,11,11,9,9,9,9,5,5,11,11,4,4,1,1,4,4,6,6,6,6,4,4,6,6,0,0,0,0,10,10,8,8,4,4,6,6,0,0,0,0,0,0,8,8,8,8,2,2,11,11,3,3,1,1,0,0,7,7,115781702738947912960692110076225674719600979104194658121041156895934670,60554266802549550600389987394528259458962810694401689883204294231162915